en,my
There is a television in that room,ဟိုစာသင်ခန်းထဲမှာ တီဗွီ ရှိတယ်။
I cannot open my mouth because my teeth hurt,သွားနာလို့ ပါးစပ် ဟလို့မရဘူး။
I went for a walk with my dog in the park in the evening,ညနေစောင်း ခွေးနဲ့ ပန်းခြံကို လမ်းလျှောက် သွားတယ်။
Mr Tanaka was asked to do work by Mr Hayashi,မစ္စတာခိုဘာယာရှိက မစ္စတာတာနာခါကို အလုပ်လုပ်ပေးဖို့ တောင်းဆိုတယ်။
When we wake up we say good morning,မနက် အိပ်ရာထတဲ့အခါ မင်္ဂလာမနက်ခင်းပါလို့ ပြောတယ်။
I will do that work,အဲဒီအလုပ်ကို ကျွန်တော် လုပ်ပါ့မယ်။
A lot of people died,လူတွေ အများကြီး သေကုန်တယ်။
I asked the store staff for food,ဆိုင်ဝန်ထမ်းကို အစားအသောက် မှာလိုက်တယ်။
How is Japanese food,ဂျပန်ဟင်းလျာတွေကို ဘယ်လို သဘောရသလဲ။
Mr Tanaka is doing a hard job,မစ္စတာတာနာခါက ပင်ပန်းတဲ့အလုပ်တွေ လုပ်နေတယ်။
I left the house without eating this morning,ဒီမနက်က ထမင်းမစားဘဲ အိမ်က ထွက်တယ်။
I listened to a boring story from my friend,သူငယ်ချင်းဆီက စိတ်ဝင်စားစရာ မကောင်းတဲ့စကားကို ကြားရတယ်။
I cannot eat pork,ကျွန်တော် ဝက်သား မစားနိုင်ဘူး။
This bookshelf is  metre tall and  metres wide,ဒီစာအုပ်စင်က အနံ တစ်မီတာ အလျားတစ်မီတာခွဲ ရှိတယ်။
How about tea,လက်ဖက်ရည်တို့ဘာတို့ သောက်ဦးမလား။
I had two glasses of alcohol,မနေ့က အရက် နှစ်ခွက် သောက်တယ်။
I could not shop because the supermarket was closed,စူပါမားကက် ပိတ်ထားလို့ ဈေးမဝယ်ခဲ့ရဘူး။
After drinking I wash the glass clean,သောက်ထားလို့ ခွက်ကို ပြောင်အောင် ဆေးတယ်။
This flower is small and red,ဒီပန်းက သေးပြီး နီတယ်။
You are not allowed to use your mobile inside the hospital,ဆေးရုံမှာ လက်ကိုင်ဖုန်း မသုံးရဘူး။
We all sing songs together,အားလုံး အတူတူ သီချင်းဆိုမယ်။
The door to the train will shut,ရထားတံခါး ပိတ်မယ်။
I will clean my room because it is dirty,အခန်းက ညစ်ပတ်နေလို့ သန့်ရှင်းရေးလုပ်မယ်။
I eat lunch here every day,အမြဲတမ်း ဒီမှာ နေ့လယ်စာ စားတယ်။
Mr Hayashis house is around here,အဲဒီအနားတဝိုက်မှာ မစ္စတာဟယရှိရဲ့ အိမ် ရှိတယ်။
I am learning Japanese from that teacher,ကျွန်တော် အဲဒီဆရာဆီမှာ ဂျပန်စာ သင်နေတယ်။
Now lets start class,ကဲ၊ အတန်းစလိုက်ကြစို့။
We are using the computer Please do not switch it off,ကွန်ပျူတာ သုံးနေတယ်၊ ခလုတ် မပိတ်လိုက်ပါနဲ့။
Mr Tanaka is tall,မစ္စတာတာနာခါက အရပ်ရှည်တယ်။
I went to a karaoke place yesterday but I didnt sing a lot,မနေ့က ကာရာအိုကေ သွားပေမဲ့ သိပ် မဆိုဖြစ်ဘူး။
My father works from morning to evening every day,အဖေ နေ့တိုင်း မနက်ကနေ ညအထိ အလုပ်လုပ်တယ်။
I watched TV yesterday After that I studied Japanese,မနေ့က တီဗွီ ကြည့်တယ်။ ပြီးတော့ ဂျပန်စာကို လေ့လာတယ်။
Mr Lee worked abroad for a year and a half,မစ္စတာဟယရှိ နိုင်ငံခြားမှာ တစ်နှစ်ခွဲ အလုပ်လုပ်ခဲ့တယ်။
This is Mr Kobayashis favourite food,ဒါ မစ္စတာခိုဘာယာရှိရဲ့ အကြိုက်ဆုံးအစားအစာပါ။
You wrote this essay very well,ဒီစာစီစာကုံးက အရေးအသား တော်တော် ကောင်းတယ်။
I will put a book on the desk,စာရေးခုံပေါ်မှာ စာအုပ် ထားတယ်။
This restaurant is big and beautiful,ဒီစားသောက်ဆိုင်က ကြီးပြီး သန့်တယ်။
I put a vase on the table,ပန်းအိုးကို စားပွဲပေါ်မှာ ထားလိုက်တယ်။
No it is not spicy,ဟင့်အင်း၊ မစပ်ပါဘူး။
I will be absent from school because I have a fever,အဖျားရှိလို့ ဒီနေ့ ကျောင်းမသွားဘူး။
My mother likes cooking,အမေက ဟင်းချက်ဝါသနာပါတယ်။
Everyone there will be a kanji test next week,အတန်းသားတွေ၊ လာမယ့်အပတ်မှာ ခန်းဂျီးစာမေးပွဲ စစ်မယ်။
How was yesterdays film,မနေ့ကရုပ်ရှင် ဘယ်လိုနေလဲ။
It was sunny in Tokyo,တိုကျိုမှာ နေသာတယ်။
Please talk more slowly,ပိုပြီး ဖြည်းဖြည်း ပြောပေးပါ။
I watched the news on TV this morning,မနက်က တီဗွီသတင်း ကြည့်ခဲ့တယ်။
I always sleep in my bed,ကျွန်တော် အမြဲတမ်း အိပ်ရာမှာ အိပ်တယ်။
My favourite food is curry,ကျွန်တော် ကြိုက်တဲ့စားစရာက ဂျပန်ကာရီပါ။
Mr Tanaka is a very cheerful person,မစ္စတာယာမာဒါက အလွန် တက်ကြွတဲ့လူ ဖြစ်တယ်။
Many people came to the party,ပါတီပွဲကို လူတွေ အများကြီး လာကြတယ်။
I have football practice on Mondays Wednesdays and Fridays,တနင်္လာနေ့၊ ဗုဒ္ဓဟူးနေ့နဲ့ သောကြာနေ့တွေမှာ ဘောလုံးလေ့ကျင့်ရေး ရှိတယ်။
I went home with everyone,အားလုံး အတူတူ ပြန်ခဲ့တယ်။
It was troubling for me because I lost my passport while I was abroad,နိုင်ငံခြားမှာ ပတ်စပို့ ပျောက်သွားလို့ ဒုက္ခရောက်ခဲ့တယ်။
Yes what is it,ဟုတ်ကဲ့၊ ဘာပါလဲ ခင်ဗျာ။
There is a book on the desk,စာရေးခုံပေါ်မှာ စာအုပ် ရှိတယ်။
Mr Yamadas little sister is short and cute,မစ္စတာယာမာဒါရဲ့ ညီမလေးက အရပ်က ပုပုလေးနဲ့ ချစ်စရာ ကောင်းတယ်။
The map of the town is posted at that police box,ရဲကင်းမှာ မြို့ရဲ့ မြေပုံကို ချိတ်ထားတယ်။
There is a baseball game the day after tomorrow,သန်ဘက်ခါ ဘေ့စ်ဘောပြိုင်ပွဲ ရှိတယ်။
If you press here the sound will get louder,ဒီနေရာကို နှိပ်ရင် အသံကျယ်လာမယ်။
I want to live in a quiet and beautiful place,ကျွန်တော် တိတ်ဆိတ်ပြီး လှပသန့်ရှင်းတဲ့နေရာမှာ နေချင်တယ်။
It is very fun to talk with foreigners,နိုင်ငံခြားသားနဲ့ စကားပြောရတာ ပျော်ဖို့ကောင်းတယ်။
The airplane is flying south,လေယာဉ်ပျံက တောင်ဘက်ကို ပျံသွားတယ်။
I wash my hands after going to the toilet,အိမ်သာက ထွက်လာတဲ့အခါ လက်ကို ဆေးတယ်။
I will not go out on holidays if it rains,နားရက်မှာ မိုးရွာရင်တော့ အပြင်မထွက်ဘူး။
You may eat your boxed lunch in this room,ဒီအခန်းထဲမှာ ထမင်းဘူး ဖွင့်စားလည်း ရတယ်။
I lost the magazine I borrowed from Mr Matsui,မစ္စတာမဆုအိဆီက ငှားလာတဲ့ မဂ္ဂဇင်း ပျောက်သွားပြီ။
I like music,ကျွန်တော် တေးဂီတကို နှစ်သက်တယ်။
The policeman asked my name,ရဲက ကျွန်တော့်ကို နာမည် မေးတယ်။
I lit a cigarette using a match,ယမ်းမီးခြစ်ကို သုံးပြီး ဆေးလိပ်သောက်တယ်။
I forgot to turn off the lights when I went out,အပြင်ထွက်တုန်းက မီးပိတ်ဖို့ မေ့သွားတယ်။
I wash my body in the bathroom,ရေချိုးခန်းမှာ ကိုယ်လက် သန့်စင်တယ်။
It is hotter this year than last year,မနှစ်ကထက်စာရင် ဒီနှစ်က ပိုပူတယ်။
I think taking the train to school is faster than taking the bus,ကျောင်းအထိဆို ဘတ်စကားထက်စာရင် ရထားက ပိုမြန်တယ်လို့ ထင်တယ်။
How do we get to the third floor,တတိယထပ်ကို ဘယ်လို သွားရမလဲ။
The school is near that mountain,ကျောင်းက အဲဒီတောင်နားမှာ ရှိတယ်။
I lent my money to my little brother,ကျွန်တော် ညီလေးကို ပိုက်ဆံချေးလိုက်တယ်။
I will put in  grams of sugar and  grams of salt,သကြား သုံးဆယ်ဂရမ်နဲ့ ဆား ဆယ့်ငါးဂရမ် ထည့်မယ်။
I always take a shower in the evening before going to bed,ညတိုင်း ရေချိုးပြီးမှ အိပ်တယ်။
Yesterdays dinner was a meat dish,မနေ့တုန်းကညစာက အသားဟင်းနဲ့ပါ။
I will use a new plate,ပန်းကန်ပြားအသစ်ကို သုံးမယ်။
Ms Kimura is a student but Mr Tanaka is an office worker,မစ္စတာခိမုရက ကျောင်းသား ဖြစ်ပြီး မစ္စတာတာနာခါကတော့ ကုမ္ပဏီဝန်ထမ်း ဖြစ်ပါတယ်။
I could not go anywhere yesterday,မနေ့က ဘယ်မှ မထွက်ဘူး။
I bought white shoes at the department store yesterday,မနေ့က ကုန်တိုက်မှာ အဖြူရောင်ဖိနပ် ဝယ်ခဲ့တယ်။
My brother is nine years old,ကျွန်တော့်ညီလေးက ကိုးနှစ် ရှိပြီ။
The bird is flying over there,ဟိုဘက်က ကောင်းကင်မှာ ငှက်တွေ ပျံနေတယ်။
I like baseball the best of all the sports,အားကစားဆို ဘေ့စ်ဘောကို အကြိုက်ဆုံးပဲ။
Yesterdays test was very hard,မနေ့ကစာမေးပွဲက အရမ်း ခက်တယ်။
I will put up a picture on the wall,နံရံမှာ ဓာတ်ပုံ ကပ်မယ်။
Which one did Mr Hayashi buy,မစ္စတာဟယရှိဟာ ဘာကို ဝယ်ခဲ့ပါသလဲ။
I practise football on Sunday every week,အပတ်စဉ် စနေနေ့တိုင်း ဘောလုံး လေ့ကျင့်တယ်။
I will read a book written in Japanese,ဂျပန်ဘာသာနဲ့ ရေးထားတဲ့ စာအုပ်ကို ဖတ်တယ်။
This food is bad for you,ဒါ ခန္ဓာကိုယ်အတွက် မကောင်းတဲ့စားစရာ။
There is a cat under the chair,ထိုင်ခုံအောက်မှာ ကြောင် ရှိတယ်။
This room is very quiet,ဒီအခန်းက အရမ်း တိတ်ဆိတ်တဲ့ အခန်းပါ။
I want to go to a place where there are not many people,လူ သိပ်မရှိတဲ့အရပ်ကို သွားချင်တယ်။
Dont go that way because it is dangerous,အန္တရာယ်ရှိလို့ အဲဒီကို မသွားပါနဲ့။
There are two dogs over there,ဟိုမှာ ခွေး နှစ်ကောင် ရှိတယ်။
That short person is Ms Kimura,ဟို အရပ်ပုပုနဲ့လူက မစ္စတာခိမုရပါ။
I asked the police at the police box which way to go,ရဲကင်းက ရဲသားကို လမ်းမေးခဲ့တယ်။
I leave the house at  and I go to school by bus,ရှစ်နာရီမှာ အိမ်က ထွက်တယ်။ ပြီးတော့ ဘတ်စကားနဲ့ ကျောင်းကို သွားတယ်။
I go to school every day,နေ့တိုင်း ကျောင်းသွားတယ်။
I often go to the cinema and pool with my friend,သူငယ်ချင်းနဲ့ အမြဲလိုလို ရုပ်ရှင်ကြည့်လိုက် ရေကူးကန် သွားလိုက် လုပ်တယ်။
The dictionary is on that bookshelf,အဘိဓာန် ဟိုကစာအုပ်စင်မှာ ရှိတယ်။
Tomorrow I will go to the station to meet my friend and we will go to a concert together,ကျွန်တော် မနက်ဖန် ဘူတာမှာ သူငယ်ချင်းနဲ့ တွေ့ပြီး သူနဲ့အတူ ဂီတပွဲ သွားမယ်။
Thank you very much,ကျေးဇူး အများကြီး တင်ပါတယ်။
We will order four dishes at the restaurant,စားသောက်ဆိုင်မှာ ဟင်း လေးမျိုး မှာတယ်။
My mum always asks me to do the shopping,အမေ အမြဲတမ်း ကျွန်တော့်ကို ဈေးဝယ်ခိုင်းတယ်။
It is challenging because I must learn a lot of kanji,ခန်းဂျီးတွေ အများကြီး မှတ်ရမှာမို့ ဒုက္ခရောက်နေတယ်။
I went on a trip abroad last month,ရှေ့လက နိုင်ငံခြားကို ခရီးထွက်ခဲ့တယ်။
If you send a letter by sea it will take time,ရေကြောင်းနဲ့ စာပို့ရင် အချိန် အရမ်း ကြာတယ်။
I will play the piano at the concert next month,ကျွန်တော် နောက်လ ဂီတဖျော်ဖြေပွဲမှာ စန္ဒရားတီးမယ်။
I go out with my friends on holidays,နားရက်မှာ သူငယ်ချင်းနဲ့ အပြင်ထွက်တယ်။
If you press this button the door will open,ဒီခလုတ်ကို နှိပ်ရင် တံခါး ပွင့်မယ်။
The weather is bad today,ဒီနေ့ ရာသီဥတု မကောင်းဘူး။
The toilet is on the left side of the hallway,အိမ်သာက လျှောက်လမ်းလေးရဲ့ ဘယ်ဘက်ခြမ်းမှာ ရှိတယ်။
This is Mr Kobayashi,ဒီဘက်က မစ္စတာခိုဘာယာရှိပါ။
I will clean the lobby and hallway,အိမ်အဝင်နဲ့ လျှောက်လမ်းတွေကို သန့်ရှင်းရေးလုပ်တယ်။
Today I will leave the house early,ဒီနေ့ ခပ်စောစော အိမ်က ထွက်တယ်။
I forgot my handkerchief in my classroom yesterday,မနေ့က အတန်းထဲမှာ လက်ကိုင်ပဝါ မေ့ကျန်ခဲ့တယ်။
I cannot eat anything because my teeth hurt,သွားကိုက်လို့ ဘာမှ မစားနိုင်ဘူး။
I will ask my teacher a question because there is a question I do not understand,နားမလည်တာ ရှိလို့ ဆရာ့ကို မေးမယ်။
I use the computer to work,ကွန်ပျူတာ သုံးပြီး အလုပ်လုပ်တယ်။
A Would you like to go shopping with me tomorrow,မနက်ဖန် အတူတူ ဈေးသွားဝယ်ရအောင်လား။
I am not ill so please do not worry,ရောဂါ မဟုတ်တဲ့အတွက် စိုးရိမ်စရာမလိုပါဘူး။
I like both bread and rice,ကျွန်တော် ပေါင်မုန့်ရော ထမင်းရော ကြိုက်တယ်။
This magazine is thick and heavy,ဒီမဂ္ဂဇင်းက ထူပြီး လေးတယ်။
I will stay at a hotel this evening,ဒီည ဟိုတယ်မှာ တည်းမယ်။
I will buy a souvenir for my family,မိသားစုအတွက် အပြန်လက်ဆောင် ဝယ်မယ်။
That is the Japanese dictionary,ဂျပန်စာအဘိဓာန်က အဲဒါပါ။
The film I saw yesterday was interesting,မနေ့က ကြည့်ခဲ့တဲ့ရုပ်ရှင် အရမ်း စိတ်ဝင်စားဖို့ကောင်းတယ်။
There are seven computers in this classroom,ဒီစာသင်ခန်းမှာ ကွန်ပျူတာ ခုနစ်လုံး ရှိတယ်။
In Japan when you enter a house you take off your shoes,ဂျပန်မှာ အိမ်ထဲကို ဝင်တဲ့အခါ ဖိနပ်ချွတ်တယ်။
These flowers will blossom in the spring,ဒီပန်းက နွေဦးရောက်ရင် ပွင့်တယ်။
This building is old and famous,ဒီအဆောက်အအုံက သက်တမ်းကြာပြီး နာမည်ကြီးတယ်။
I will wear new shoes and go out,ဖိနပ်အသစ် စီးပြီး အပြင်ထွက်မယ်။
I told an old man the way,ကျွန်တော် အဘိုးကို လမ်းညွှန်ပေးလိုက်တယ်။
I used to swim a lot when I was young,လူငယ်ပိုင်းတုန်းကဆို ခဏခဏ ရေကူးတယ်။
Mr Lee will be in Japan for three years,မစ္စတာလီက ဂျပန်မှာ သုံးနှစ် နေမယ်လို့ စဉ်းစားထားတယ်။
That animal is very cute,တိရစ္ဆာန်ငယ်လေးတွေက အရမ်း ချစ်ဖို့ကောင်းတယ်။
Japanese food is delicious but expensive,ဂျပန်က အစားအသောက်တွေက စားလို့ကောင်းပေမဲ့ ဈေးကြီးတယ်။
I got a cute cup from my friend,သူငယ်ချင်းဆီက ခွက်လှလှလေး ရခဲ့တယ်။
I cannot sit here so I will sit there,ဒီမှာ ထိုင်လို့မရလို့ ဟိုမှာ ထိုင်မယ်။
That train will go to Tokyo,ဒီရထားက တိုကျိုကို သွားတယ်။
I go shopping with my friend on my days off,ပိတ်ရက်မှာ သူငယ်ချင်းနဲ့ ဈေးသွားဝယ်မယ်။
Why dont we go the pool,ရေကူးကန် သွားရအောင်လား။
I got on the back of my friends bicycle,သူငယ်ချင်းရဲ့ စက်ဘီးနောက်ကနေ လိုက်စီးတယ်။
This baggage is heavy because it weighs five kilograms,ဒီအထုပ်က ငါးကီလို ရှိလို့ လေးတယ်။
Spring has come but it hasnt become warm yet,နွေဦးရာသီထဲ ဝင်လာပေမဲ့ နွေးမလာသေးဘူး။
How can you memorize kanji,ခန်းဂျီးကို မှတ်မိအောင် ဘယ်လို လုပ်ရမလဲ။
The students are lined up in a straight line in the hallway,တပည့်တွေက စင်္ကြံမှာ တန်းနေအောင် တန်းစီတယ်။
The teacher called Mr Yamadas name,ဆရာက မစ္စတာယာမာဒါရဲ့ နာမည်ကို ခေါ်လိုက်တယ်။
Mr Matsui is wearing a white shirt,မစ္စတာမဆုအိက အဖြူရောင်အင်္ကျီကို ဝတ်ထားတယ်။
It snows during winter in Japan,ဂျပန်မှာ ဆောင်းတွင်းဆို နှင်းကျတယ်။
Mr Lee is gradually getting better at Japanese,မစ္စတာလီ တဖြည်းဖြည်း ဂျပန်စကား တော်လာပြီ။
I was busy so I couldnt eat lunch,အလုပ်များလို့ နေ့လယ်စာ မစားလိုက်ရဘူး။
This kanji reads yama,ဒီခန်းဂျီးကို ယာမလို့ ဖတ်တယ်။
I will buy ten stamps and three postcards,တံဆိပ်ခေါင်း ဆယ်ခုနဲ့ ပို့စကတ် သုံးခု ဝယ်မယ်။
I will leave work early this evening and go home,ဒီည စောစော ကုမ္ပဏီ ဆင်းပြီး အိမ်ပြန်မယ်။
I quit my job last month,ရှေ့လကတည်းက ကျွန်တော် ကုမ္ပဏီက ထွက်လိုက်တယ်။
I will lay out the plates on the table,စားပွဲမှာ ပန်းကန်တွေကို စီမယ်။
The weather will become warmer in July,ခုနစ်လပိုင်းရောက်ရင် တဖြည်းဖြည်း ပူလာမယ်။
This bag has an external side pocket,ဒီလွယ်အိတ်က အပြင်ဘက်ခြမ်းမှာ အိတ်ကပ် ရှိတယ်။
I finished all of my homework,အိမ်စာတွေ အားလုံး ပြီးပြီ။
I want to become a doctor when I graduate from university,တက္ကသိုလ်ပြီးရင် သွားဆရာဝန် ဖြစ်ချင်တယ်။
This is a tie from Italy,ဒါ အီတလီကနက်ကတိုင်ပါ။
Mr Yamada is a funny person,မစ္စတာယာမာဒါက စိတ်ဝင်စားဖို့ကောင်းတဲ့လူပဲ။
I ran every day so I got skinnier,မနက်တိုင်း ပြေးနေလို့ နည်းနည်းတော့ ပိန်သွားတယ်။
Last week I went to the cinema with Mr Lee and watched a film,ရှေ့အပတ်က မစ္စတာလီနဲ့ ရုပ်ရှင်ရုံကို သွားပြီး ရုပ်ရှင် ကြည့်ခဲ့တယ်။
There are children playing in the park,ကလေးလေး ပန်းခြံမှာ ကစားနေတယ်။
I came to this country three years ago,လွန်ခဲ့တဲ့သုံးနှစ်က ဒီနိုင်ငံကို လာခဲ့တယ်။
Ms Kimura sometimes makes dinner,မစ္စတာခိမုရဟာ ရံဖန်ရံခါ ထမင်းချက်တယ်။
I lent Mr Kobayashi my notebook,ကျွန်တော် မစ္စတာခိုဘာယာရှိကို မှတ်စုစာအုပ် ငှားလိုက်တယ်။
I eat dinner take a bath and go to sleep,ညစာစားပြီး၊ ရေချိုးပြီး အိပ်တယ်။
When I go to work I wear a black suit,ကုမ္ပဏီ သွားတဲ့အခါ အနက်ရောင်အနောက်တိုင်းဝတ်စုံကို ဝတ်တယ်။
There is a fish in the lake,ကန်ထဲမှာ ငါး ရှိတယ်။
I will read a little before sleeping,စာအုပ်လေးဘာလေး နည်းနည်းပါးပါး ဖတ်ပြီး အိပ်မယ်။
Mr Matsuis house is near my house,မစ္စတာမဆုအိရဲ့ အိမ်က ကျွန်တော့်အိမ်ရဲ့ ဘေးမှာ ရှိတယ်။
My room faces the south so it is bright,ကျွန်တော့်အခန်းက တောင်ဘက်မှာ ရှိလို့ အလင်းရောင် ကောင်းတယ်။
The big black bag is mine,အမည်းရောင်အိတ်အကြီးကြီးက ကျွန်တော့်ဟာပါ။
It is zero degrees here so it is very cold,ဒီမှာ သုံညဒီဂရီမို့လို့ အရမ်း ချမ်းတယ်။
I will rest for a moment around here,ဒီအနားတဝိုက်မှာ ခဏ နားရအောင်။
I will bring a jacket and go out,အနွေးထည် ယူပြီး အပြင်ထွက်တယ်။
The class will finish in five minutes,နောက်ငါးမိနစ်ဆို အတန်းပြီးမယ်။
I passed the soy sauce to Mr Lee,မစ္စတာလီကို ပဲငံပြာရည် ယူပေးလိုက်တယ်။
The children here are all students from the same school,ဒီမှာ ရှိတဲ့ကလေးတွေ အားလုံး တစ်ကျောင်းတည်းက တပည့်တွေပါ။
There are two dictionaries and one magazine on the teachers desk,ဆရ့ာရဲ့ စာကြည့်စားပွဲပေါ်မှာ အဘိဓာန် နှစ်အုပ်နဲ့ မဂ္ဂဇင်း တစ်အုပ် ရှိတယ်။
This place is very lively,ဒီနေရာက အရမ်း စည်ကားတဲ့နေရာ ဖြစ်တယ်။
I was busy yesterday so I got very tired,မနေ့က အလုပ်များလို့ အရမ်း ပင်ပန်းသွားတယ်။
I will borrow money from the bank,ဘဏ်မှာ ငွေချေးတယ်။
This book is very important so please do not lose it,ဒီစာအုပ်က အရမ်း အရေးကြီးလို့ မပျောက်ပါစေနဲ့။
I watched a film,ရုပ်ရှင်ကြည့်ခဲ့တယ်။
A man will carry the heavy box,လေးတဲ့ သေတ္တာကို ယောကျ်ားလေးက သယ်မယ်။
My father is a teacher,အဖေက ကျောင်းဆရာပါ။
The party yesterday was very fun,မနေ့ကပါတီမှာ အရမ်း ပျော်ခဲ့တယ်။
Mr Yamada is to the right of Mr Tanaka,မစ္စတာတာနာခါရဲ့ ညာဘက်မှာ မစ္စတာယာမာဒါ ရှိတယ်။
I married my wife five years ago,လွန်ခဲ့တဲ့ငါးနှစ်တုန်းက အမျိုးသမီးနဲ့ လက်ထပ်ခဲ့တယ်။
I will study with Mr Yamada at the library,စာကြည့်တိုက်မှာ မစ္စတာယာမာဒါနဲ့ အတူတူ စာဖတ်မယ်။
Japanese cars are expensive but good quality,ဂျပန်ကားက ဈေးကြီးပေမဲ့ ကောင်းတယ်။
It is still  now,အခု ဆယ်နာရီပဲ ရှိသေးတယ်။
Would you like a snack,မုန့်လေး တစ်ခုလောက် သုံးဆောင်ပါဦးလား။
The teacher asked a question,ဆရာက မေးခွန်းထုတ်လိုက်ပါတယ်။
Does someone have my pen,တစ်ယောက်ယောက်များ ကျွန်တော့်ဘောပင် ယူသွားသေးလား မသိဘူး။
Mr Tanaka was born in Tokyo,မစ္စတာတာနာခါရဲ့ မွေးရပ်က တိုကျိုပါ။
There are a lot of policemen at the intersection,လမ်းဆုံမှာ ရဲတွေ အများကြီးပဲ။
The policeman showed us the way to the station,ရဲသားက ဘူတာအထိ လမ်းညွှန်ပေးတယ်။
I ate half a loaf of bread,ပေါင်မုန့် တစ်ဝက် စားလိုက်တယ်။
I will get out of the classroom,စာသင်ခန်းက ထွက်မယ်။
There is no school,ကျောင်းပိတ်တယ်။
The bus that goes to the airport stops on the other side of the road,လေယာဉ်ကွင်း သွားတဲ့ဘတ်စကားက ဟိုဘက်ခြမ်းက လာမှာ။
Lets sit over there and eat a boxed lunch,ထမင်းဘူးတွေ ဟိုနားမှာ ထိုင်စားရအောင်။
We will talk in a quiet voice because it is already midnight,ည ဆယ့်နှစ်နာရီ ရှိပြီ၊ အသံ တိုးတိုး ပြောမယ်။
The window is closed,ပြတင်းပေါက် ပိတ်ထားတယ်။
We turn right at the next corner,ရှေ့ကအကွေ့ ရောက်ရင် ညာဘက်ကို ချိုးမယ်။
Would you like some coffee,ကော်ဖီ သောက်မလား။
Yesterday Mr Lee learned Kanji from Mr Matsui,မစ္စတာလီ မနေ့က မစ္စတာမဆုအိဆီမှာ ခန်းဂျီး သင်တယ်။
Mr Yamadas father is a doctor,မစ္စတာယာမာဒါရဲ့ အဖေက ဆရာဝန်ပါ။
The whole thing will be  yen,စုစုပေါင်း ထောင့်ခြောက်ရာပါ။
Ms Kimura is to the left of Mr Tanaka,မစ္စတာတာနာခါရဲ့ ဘယ်ဘက်မှာ မစ္စတာခိမုရ ရှိတယ်။
My friend is going to stay at my house tonight,ဒီည သူငယ်ချင်း အိမ်မှာ လာတည်းမယ်။
I received a souvenir from my friend,သူငယ်ချင်းဆီက ခရီးအပြန်လက်ဆောင် ရခဲ့တယ်။
My brother has a strong body,ညီလေးက ကိုယ်ခန္ဓာ အရမ်း သန်မာတယ်။
Have you finished your test Well then please hand it in,စာမေးပွဲ ဖြေပြီးပြီလား။ ပြီးရင် ထပ်လိုက်ပါ။
There is a vase in the lobby,အိမ်အဝင်မှာ ပန်းအိုး ထားထားတယ်။
I buy fruits and vegetables at a vegetable shop,ကျွန်တော် သစ်သီးတို့ ဟင်းသီးဟင်းရွက်တို့ကို ဟင်းသီးဟင်းရွက်ဆိုင်မှာ ဝယ်တယ်။
My friend is coming so I will clean this room,သူငယ်ချင်း လာမှာမို့လို့ အခန်းကို သန့်ရှင်းရေးလုပ်မယ်။
My mother loves cake,မေမေက ကိတ်မု့န် အရမ်း ကြိုက်တယ်။
Studying Japanese is fun,ဂျပန်စာ လေ့လာရတာ ပျော်တယ်။
How much is it,ဘယ်လောက်လဲ။
I will give back the book to the library,စာကြည့်တိုက်မှာ စာအုပ် ပြန်အပ်မယ်။
I will not go out when it snows,နှင်းကျတဲ့နေ့ဆို အပြင်မထွက်ဘူး။
What transport do you use to get to work,ဘာနဲ့ ကုမ္ပဏီကို သွားမလဲ။
I only ate bread,ပေါင်မုန့်ပဲ စားလိုက်တယ်။
The person wearing glasses is Mr Matsui,ဟို မျက်မှန်တပ်ထားတဲ့လူက မစ္စတာမဆုအိပါ။
I take a walk every morning,ကျွန်တော် မနက်တိုင်း လမ်းလျှောက်တယ်။
This notebook is wider than it is tall,ဒီစာအုပ်က အလျားထက်စာရင် အနံက ပိုရှည်တယ်။
A library will be built there in two years,နောက်နှစ်နှစ်ကျရင် အဲဒီမှာ စာကြည့်တိုက် ဖွင့်မယ် ကြားတယ်။
I always eat bread for breakfast,မနက်စာဆို အမြဲတမ်း ပေါင်မုန့်ပဲ စားတယ်။
I gave flowers to my father,ကျွန်တော် အဖေ့ကို ပန်း ပေးတယ်။
I didnt know the way so I looked at the map,လမ်းမသိလို့ မြေပုံကို ကြည့်တယ်။
I have a fever so I will be absent from school,ကိုယ်ပူနေလို့ ဒီနေ့ အနားယူမယ်။
I wrote a letter to my friend yesterday,မနေ့က သူငယ်ချင်းဆီ စာရေးခဲ့တယ်။
That person is always loud during class,စာသင်ချိန်မှာ အဲဒီလူ အမြဲတမ်း နားငြီးအောင် လုပ်တယ်။
The colours in this picture are very beautiful,ဒီပန်းချီက အရောင်လှတယ်။
I was tired yesterday so I woke up late this morning,မနေ့က ပင်ပန်းသွားလို့ မနက်က နောက်ကျမှ အိပ်ရာထတယ်။
The set meal in that cafeteria is cheap and good,အဲဒီစားသောက်ဆိုင်ကဆက်မီနူးက ဈေးသက်သာပြီး စားလို့ကောင်းတယ်။
I bought three fish at the supermarket yesterday,မနေ့က စူပါမားကက်မှာ ငါး သုံးကောင် ဝယ်ခဲ့တယ်။
I am not good at singing a song,ကျွန်တော် သီချင်းဆို ညံ့တယ်။
I already took my medicine so Im alright,ဆေးသောက်လိုက်တာမို့လို့ ကောင်းသွားမှာပါ။
There is a forest on the east side of this town,ဒီမြို့ရဲ့ အရှေ့ဘက်က အားလုံး သစ်တောတွေပါ။
There is a calendar on the desk,စာရေးခုံပေါ်မှာ ပြက္ခဒိန် ထားထားတယ်။
When you cross the bridge there is a park right there,တံတားကို ကူးရင် ချက်ချင်း ပန်းခြံ ရှိတယ်။
There are a lot of foreign students at this school,ဒီကျောင်းမှာ နိုင်ငံခြားသားကျောင်းသား များတယ်။
If you study your Japanese will get better little by little,ဂျပန်စာကို လေ့လာရင် နည်းနည်းစီ တိုးတက်လာမှာပါ။
Mr Matsui is better at football than baseball,မစ္စတာမဆုအိက ဘောလုံးထက် ဘေ့စ်ဘော ပိုတော်တယ်။
Yes here you are,ဟုတ်ကဲ့၊ ကောင်းပါပြီ၊ လုပ်ပါ။
I will write my name on the envelope,စာအိတ်မှာ နာမည်ကို ရေးလိုက်မယ်။
Everyone is waiting for the teacher in the classroom,အားလုံး စာသင်ခန်းထဲမှာ ဆရာ့ကို စောင့်နေတယ်။
Who wrote this essay There is no name,ဒီစာစီစာကုံးကို ရေးတဲ့သူက ဘယ်သူလဲ။ နာမည်တပ်မထားဘူး။
My parents live near the sea,ကျွန်တော့်မိဘတွေက ပင်လယ်ကမ်းခြေဘေးနားမှာ နေတယ်။
My legs are tired because I walked so much,လမ်း အများကြီး လျှောက်လိုက်လို့ ခြေထောက် ညောင်းသွားတယ်။
I will go into the room by opening the door,တံခါး ဖွင့်ပြီး အခန်းထဲ ဝင်မယ်။
Mr Yamada will be going to Tokyo next month,မစ္စတာယာမာဒါ နောက်လမှာ တိုကျိုကို သွားမယ်တဲ့။
I drank a little bit of alcohol yesterday,မနေ့က အရက် နည်းနည်း သောက်ခဲ့တယ်။
This story is true,ဒီစကားက အမှန်တကယ်။
Although today is a Sunday I have work,ဒီနေ့ တနင်္ဂနွေနေ့ဆိုပေမဲ့ အလုပ် ရှိတယ်။
I will put money in my pocket,အိတ်ကပ်ထဲ ပိုက်ဆံ ထည့်တယ်။
I will swim even if it is cold,ချမ်းပေမဲ့လည်း ရေကူးမယ်။
I study English using a dictionary,အဘိဓာန် သုံးပြီး အင်္ဂလိပ်စာ လေ့လာတယ်။
This class is very interesting,ဒီအတန်းက အရမ်း စိတ်ဝင်စားဖို့ကောင်းတယ်။
Mr Tanaka is an energetic person,မစ္စတာတာနာခါဟာ တက်တက်ကြွကြွရှိတဲ့လူ ဖြစ်တယ်။
This jacket has a lot of pockets so it is convenient,ဒီအပေါ်ထပ်အင်္ကျီမှာက အိတ်ကပ်တွေ အများကြီး ရှိလို့ အဆင်ပြေတယ်။
I am busy every day so I cannot really rest,နေ့တိုင်း အလုပ်များလို့ သိပ် အနားမယူနိုင်ဘူး။
I will stay at a hotel,ဟိုတယ်မှာ တည်းမယ်။
I will graduate from university next year,နောက်နှစ်မှာ ကျွန်တော် တက္ကသိုလ်ပြီးမယ်။
Ms Matsui loves cute things,မစ္စတာခိမုရက ချစ်စရာကောင်းတဲ့ပစ္စည်းလေးတွေဆို အရမ်း သဘောကျတယ်။
Please wait for two minutes,နှစ်မိနစ် စောင့်ပါ။
That restaurant is cheap but it doesnt taste very good,အဲဒီစားသောက်ဆိုင်က ဈေးပေါတယ်။ ဒါပေမဲ့ သိပ် စားလို့မကောင်းဘူး။
I like white the best of all the colours,ကျွန်တော် အရောင်တွေထဲမှာ အဖြူရောင်ကို အကြိုက်ဆုံးပဲ။
I will get on bus number  from the station,ဘူတာကနေ နံပါတ်ဆယ်ငါးဘတ်စကား စီးမယ်။
There are trees and flowers in Mr Tanakas home garden,မစ္စတာတာနာခါရဲ့ အိမ်ကခြံဝန်းထဲမှာ သစ်ပင်ပန်းပင်တွေ ရှိတယ်။
Mr Tanaka will go overseas on the second next month,မစ္စတာတာနာခါ နောက်လ နှစ်ရက်နေ့မှာ နိုင်ငံခြား သွားမယ်။
I do not have any money right now,ကျွန်တော် အခု ပိုက်ဆံ မရှိဘူး။
I eat bread egg and so on,ပေါင်မုန့်တို့ ကြက်ဥတို့ စားတယ်။
It looks like it is going to rain,မိုးရွာမလိုပဲ။
Roads in this town are narrow,ဒီမြို့က လမ်းကျဉ်းတယ်။
I cannot study because the neighbours dog is loud,ဘေးအိမ်ကခွေးက ဆူလို့ စာဖတ်လို့မရဘူး။
I shampoo my hair before I cut it,ဆံပင်မညှပ်ခင် ခေါင်း အရင် လျှော်တယ်။
I received a bank transfer form at the counter,ကောင်တာကနေ ငွေလွှဲပုံစံစာရွက် ရခဲ့တယ်။
How much is this ballpoint pen,ဒီဘောပင် ဘယ်လောက်လဲ။
There is a postbox in front of the post office and near the station,စာတိုက်ရဲ့ အရှေ့နဲ့ ဘူတာရဲ့ ဘေးတွေမှာ စာတိုက်ပုံး ရှိတယ်။
It is seven in the morning right now,အခု မနက်ခုနစ်နာရီပါ။
During the winter the northern part of Japan gets very cold,ဆောင်းတွင်း ရောက်ရင် ဂျပန်ရဲ့ မြောက်ဘက်ပိုင်းမှာ အရမ်း အေးတယ်။
Please wait a second,ခဏလောက် စောင့်ပါ။
Which one do you want,ဘာ လိုချင်ပါသလဲ။
It gets warm when it is spring,နွေဦးရောက်ရင် နွေးလာမယ်။
Summer in Japan is very hot,ဂျပန်ကနွေရာသီက အရမ်း ပူတယ်။
I always take a bath before sleeping,အမြဲတမ်း မအိပ်ခင် ရေချိုးတယ်။
Which shoes are you going to buy,ဘယ်လိုဖိနပ်မျိုးကို ဝယ်မလဲ။
Vegetable shops are cheaper than supermarkets,စူပါမားကက်ထက်စာရင် ကုန်စိမ်းဆိုင်က ဈေးချိုတယ်။
I will drink one more glass of water,ရေ နောက်တစ်ခွက် ထပ်သောက်မယ်။
There is a student in the classroom,စာသင်ခန်းမှာ ကျောင်းသား တစ်ယောက် ရှိတယ်။
This colour is very pretty,ဒီအရောင်က အရမ်း လှတယ်။
You cannot put things here,ဒီမှာ ပစ္စည်း ထားလို့မရဘူး။
Excuse me may I try this shirt on,တစ်ဆိတ်လောက် မေးပါရစေ၊ ဒီအင်္ကျီ ဝတ်ကြည့်လို့ရမလား။
That hospital is closed on Wednesdays and Sundays,ဟိုနားကဆေးရုံက ဗုဒ္ဓဟူးနေ့နဲ့ တနင်္ဂနွေနေ့ ပိတ်တယ်။
I stayed overnight at my friends house because there was no train to go home,အပြန်ရထား မရှိလို့ သူငယ်ချင်းအိမ်မှာ ဝင်တည်းတယ်။
I could not wake up because I had a fever,ကိုယ်ပူပြီး အိပ်ရာက မထနိုင်ဘူး။
I eat one egg every morning,ကျွန်တော် မနက်တိုင်း ကြက်ဥ တစ်လုံး စားတယ်။
I want a Japanese dictionary,ကျွန်တော် ဂျပန်စာအဘိဓာန် လိုချင်တယ်။
Although work is busy it is fun,အလုပ်က ပင်ပန်းပေမဲ့ စိတ်ဝင်စားဖို့ ကောင်းတယ်။
The sky is big,ကောင်းကင်ကြီးက ကျယ်တယ်။
I bought a new camera,ကင်မရာအသစ် ဝယ်လိုက်တယ်။
Ms Kimura is very cute,မစ္စခိမုရက အရမ်း ချစ်ဖို့ကောင်းတယ်။
I will wait for Mr Kobayashi at the station this evening,ဒီည ကျွန်တော် ဘူတာမှာ မစ္စတာခိုဘာယာရှိကို စောင့်မယ်။
Mr Kobayashi has a pet in his house,မစ္စတာခိုဘာယာရှိရဲ့ အိမ်မှာ အိမ်မွေးတိရစ္ဆာန် ရှိတယ်။
Thank you for everything,အစစအရာရာ ကျေးဇူးတင်ပါတယ်။
I will lend money to Mr Yamada,မစ္စတာယာမာဒါကို ပိုက်ဆံချေးမယ်။
After cutting this vegetable I will wash it,ဟင်းရွက်တွေကို လှီးပြီး ဆေးမယ်။
I live in a beautiful and quiet flat,လှပသန့်ရှင်းပြီး တိတ်ဆိတ်တဲ့ အိမ်ခန်းမှာ နေတယ်။
I gave the bag to Mr Matsui that was near me,ကျွန်တော့်ဘေးမှာ ထားထားတဲ့ အိတ်ကို မစ္စတာမဆုအိကို ပေးလိုက်တယ်။
If you read the newspaper every day you can remember it,နေ့တိုင်း သတင်းစာ ဖတ်ရင် မှတ်မိလိမ့်မယ်။
I study Japanese by looking at the dictionary,အဘိဓာန်ကို သုံးပြီး ဂျပန်စာ လေ့လာတယ်။
Oh good,အမလေး၊ တော်ပါသေးရဲ့။
It is seven in the afternoon right now,အခု ညခုနစ်နာရီပါ။
I like autumn better than spring,ကျွန်တော်က နွေဦးထက် ဆောင်းဦးကို ပိုနှစ်သက်တယ်။
You cannot use a knife because it is dangerous,အန္တရာယ်များလို့ ဓား မသုံးရဘူး။
Every morning my father reads the newspaper after waking up,အဖေ မနက် အိပ်ရာထတိုင်း သတင်းစာ ဖတ်တယ်။
The lift is over there,ဟိုမှာ ဓာတ်လှေခါး ရှိတယ်။
I am thinking of looking for a cheaper room,ပိုပြီး ဈေးသက်သာတဲ့အခန်းကို ရှာမလို့ စိတ်ကူးထားတယ်။
I cut the fruit in half,အသီးကို ထက်ခြမ်း ခြမ်းတယ်။
Mr Tanaka graduated from university two years ago,တမြန်နှစ်က မစ္စတာတာနာခါ တက္ကသိုလ်ထွက်ခဲ့တယ်။
There are eggs vegetables fruit and so on in the refrigerator,ရေခဲသေတ္တာထဲမှာ ကြက်ဥတွေ ဟင်းသီးဟင်းရွက်တွေနဲ့ သစ်သီးတွေ ရှိတယ်။
I want to become better at English,ကျွန်တော် အင်္ဂလိပ်စာ ဒီထက် ပိုတော်ချင်တယ်။
I showed my ticket to the station staff,ကျွန်တော် ဘူတာဝန်ထမ်းကို လက်မှတ် ပြလိုက်တယ်။
You need your passport when you go abroad,နိုင်ငံခြား သွားတဲ့အခါ ပတ်စပို့ လိုတယ်။
That person with black hair is Mr Matsui,ဟို ဆံပင်အနက်ရောင်နဲ့လူက မစ္စတာမဆုအိပါ။
Excuse me where is the toilet,တစ်ဆိတ်လောက် မေးပါရစေ၊ အိမ်သာက ဘယ်နားမှာပါလဲ။
I would like to travel all around Japan,ကျွန်တော် ဂျပန်အနှံ့ ခရီးသွားချင်တယ်။
I will go to sleep at,ဆယ့်တစ်နာရီမှာ အိပ်တယ်။
I run three kilometres every morning,ကျွန်တော် မနက်တိုင်း သုံးကီလို ပြေးတယ်။
I go home by taxi,တက္ကစီနဲ့ အိမ်ပြန်မယ်။
Ms Kimuras hair is brown,မစ္စတာခိမုရရဲ့ ဆံပင်က အနီရောင်ပါ။
I am waiting for the bus,ကျွန်တော် ဘတ်စကား စောင့်နေတယ်။
Brazil is a country that has a strong football team,ဘရာဇီးဟာ ဘောလုံး အရမ်း အားသာတဲ့နိုင်ငံ ဖြစ်တယ်။
It was very fun today,ဒီနေ့ အရမ်း ပျော်ခဲ့တယ်။
Lets walk if it is close,နီးတယ်ဆိုရင် ခြေလျင်လျှောက်မယ်လေ။
Mr Lee is living by himself in Japan,မစ္စတာလီ ဂျပန်မှာ တစ်ယောက်တည်း နေတယ်။
Today I will make curry for dinner,ဒီနေ့ ညစာအတွက် ကာရီ ချက်မယ်လို့ စိတ်ကူးထားတယ်။
A day is very short,နေ့တစ်နေ့ ဆိုတာ အရမ်း တိုတယ်။
I practise the piano every day,ကျွန်တော် နေ့တိုင်း စန္ဒရား လေ့ကျင့်တယ်။
I did not understand the meaning of the teachers words,ဆရာ ပြောတဲ့အဓိပ္ပာယ် နားမလည်ဘူး။
I will wake up early tomorrow morning,မနက်ဖန် မနက်စောစော ထမယ်။
It was cloudy all day yesterday,မနေ့က တောက်လျှောက် မိုးအုံ့တယ်။
I didnt know the time so I looked at the clock in the classroom,အချိန် မသိလို့ စာသင်ခန်းနာရီကို ကြည့်လိုက်တယ်။
I will be at school tomorrow morning,မနက်ဖန် မနက်ပိုင်း ကျောင်းမှာ ရှိမယ်။
There is a notebook in the bag,အိတ်ထဲမှာ မှတ်စုစာအုပ် ရှိတယ်။
I wash my hands before eating,ထမင်း မစားခင် လက်ဆေးတယ်။
I will send a letter to Mr Tanaka,မစ္စတာတာနာခါဆီကို စာပို့မယ်။
Um excuse me Where is the library,ဟို တစ်ဆိတ်လောက် မေးပါရစေ။ စာကြည့်တိုက် ဘယ်နားမှာ ရှိပါသလဲ။
I finished about half of my homework,အိမ်စာ တစ်ဝက်လောက် ပြီးသွားပြီ။
I will go to a real estate office next week to find a new room,နောက်အပတ် အိမ်ခြံမြေဝန်ဆောင်မှုရုံးခန်းမှာ အိမ်ခန်းအသစ် သွားရှာမယ်။
Starting next week we have a test every day,နောက်အပတ်ကစပြီး နေ့တိုင်း စာမေးပွဲ ရှိတယ်။
It is dangerous to go home by yourself because it is already late,ည အရမ်း မိုးချုပ်ပြီမို့ တစ်ယောက်တည်း ပြန်ရမှာ အန္တရာယ်များတယ်။
Mr Yamada gave a book to my little sister,မစ္စတာယာမာဒါက ညီမလေးကို စာအုပ် ပေးတယ်။
I slept for eight hours yesterday,မနေ့က ရှစ်နာရီကြာလောက် အိပ်တယ်။
A new restaurant was built in front of the station yesterday,မနေ့က ဘူတာရှေ့မှာ စားသောက်ဆိုင်သစ်တစ်ဆိုင် ဖွင့်ထားတာ တွေ့လိုက်တယ်။
The night is dark so it is dangerous,ညဘက်က မှောင်တော့ အန္တရာယ်များတယ်။
My sister is four years old,ကျွန်တော့်ညီမလေးက လေးနှစ်ပါ။
Although I cut my hair last month it has already become long,ရှေ့လကမှ ဆံပင်ညှပ်ထားတာ ပြန်ရှည်လာပြန်ပြီ။
There are a lot of animals in that mountain,အဲဒီတောင်မှာ တိရစ္ဆာန်တွေ အများကြီး ရှိတယ်။
Please hand in the paper with the answers written on it,အဖြေ ရေးပြီးတဲ့စာရွက်ကို ထပ်လိုက်ပါ။
I am free tomorrow so I will go out with my friend,ကျွန်တော် မနက်ဖန် အားလို့ သူငယ်ချင်းနဲ့ လျှောက်လည်မယ်။
My sister already went to bed,ညီမလေး အိပ်သွားပြီ။
Mr Matsui runs fast,မစ္စတာမဆုအိက အပြေးမြန်တယ်။
My brother will become twenty years old next month,ကျွန်တော့်ညီ နောက်လဆို အသက်နှစ်ဆယ် ပြည့်မယ်။
Please write your name,နာမည် ရေးပါ။
My sister will marry next spring,နောက်နှစ် နွေဦးကျရင် အစ်မ မင်္ဂလာဆောင်မယ်။
Is Japanese food spicy,ဂျပန်က ဟင်းတွေက စပ်သလား။
We write answers on tests with ballpoint pens,စာမေးပွဲမှာ အဖြေကို ဘောပင်နဲ့ ရေးတယ်။
I will go home,အိမ်ပြန်မယ်။
Mr Matsui lives in a quiet town,မစ္စတာမဆုအိက ဆိတ်ငြိမ်တဲ့မြို့မှာ နေတယ်။
That person is an international student at this school,ဟိုလူက ဒီကျောင်းကနိုင်ငံခြားသားကျောင်းသားပါ။
You really work hard,မင်း တော်တော် အလုပ်လုပ်တာပဲနော်။
I will go on a trip abroad for two weeks from next week,နောက်အပတ်ကစပြီး နှစ်ပတ်ကြာ နိုင်ငံခြားခရီး သွားမယ်။
This coat costs ten thousand yen,ဒီကုတ်အင်္ကျီက တစ်သောင်းပါ။
It is my wifes birthday today so I am thinking of going home early,ဒီနေ့ အမျိုးသမီးရဲ့ မွေးနေ့မို့လို့ အိမ် စောစော ပြန်ဖြစ်အောင် ပြန်မယ်။
Mr Lee understands Japanese,မစ္စတာလီ ဂျပန်စကား နားလည်တယ်။
Even if it snows I will still go to school,နှင်းကျလည်း ကျောင်းသွားတယ်။
Mr Yamada is strong and healthy,မစ္စတာယာမာဒါက သန်စွမ်းပြီး တက်တက်ကြွကြွ ရှိတယ်။
I will hand in the composition to the teacher tomorrow,မနက်ဖန် ဆရာ့ဆီ စာစီစာကုံး ထပ်မယ်။
I am thinking of going to the beach to swim the day after tomorrow,သန်ဘက်ခါ ပင်လယ်မှာ ရေသွားကူးမယ်လို့ စိတ်ကူးထားတယ်။
Mr Hayashi probably knows the news,မစ္စတာဟယရှိ အဲဒီသတင်းကို သိလိမ့်မယ်။
I will wear a tie because I will meet people in the course of my work,အလုပ်ကိစ္စနဲ့ ဧည့်သည်နဲ့ တွေ့ရမှာမို့ နက်ကတိုင် စည်းရမယ်။
I arranged a bowl and chopsticks on the table,စားပွဲခုံပေါ်မှာ ပန်းကန်လုံးနဲ့ တူတွေကို စီထားမယ်။
I did not do anything during last weeks vacation,ရှေ့တစ်ပတ် ပိတ်တုန်းက ဘာမှ မလုပ်ဘူး။
Ms Kimura likes flowers,မစ္စတာခိမုရက ပန်း ကြိုက်တယ်။
I like meat more than fish,ကျွန်တော် အသားထက် ငါးကို ပိုကြိုက်တယ်။
Class starts at  in the morning,မနက်ကိုးနာရီကနေ သင်ခန်းစာအသစ်အတန်း စမယ်။
In summer it becomes hot,နွေ ရောက်ရင် ပူလာမယ်။
Starting next year my brother will work at a bank,ကျွန်တော့်အစ်ကို လာမယ့်နှစ်ကစပြီး ဘဏ်မှာ အလုပ်ဝင်မယ်။
I wake up at  every morning,နေ့တိုင်း ခြောက်နာရီမှာ အိပ်ရာထတယ်။
Thats right,ဟုတ်တယ်နော်။
There arent a lot of tall buildings around here,ဒီနားမှာ အဆောက်အအုံ ခပ်မြင့်မြင့်တွေ မရှိဘူး။
That is Mr Tanakas,အဲဒါ မစ္စတာတာနာခါရဲ့ ဥစ္စာပါ။
I dont like cleaning or doing the laundry,ကျွန်တော် သန့်ရှင်းရေးတို့ အဝတ်လျှော်တာတို့ကို လုပ်ရတာ မုန်းတယ်။
The person over there is probably Mr Yamada,အဲဒီမှာ ရှိတဲ့လူက မစ္စတာယာမာဒါ ဖြစ်လိမ့်မယ်။
I will wear glasses because my eyes are bad,မျက်စိ မကောင်းလို့ မျက်မှန်တပ်မယ်။
My brothers room is smaller than my room,ကျွန်တော့်အခန်းထက် ညီလေးရဲ့ အခန်းက ပိုကျဉ်းတယ်။
I waited in queue for an hour to watch the film yesterday,မနေ့က ရုပ်ရှင်ကြည့်ဖို့ တစ်နာရီ တန်းစီခဲ့ရတယ်။
Thanks,ကျေးဇူးတင်ပါတယ်။
I am thinking of getting my hair cut at the beauty salon next week,နောက်အပတ် အလှပြင်ဆိုင်မှာ ဆံပင် သွားညှပ်မလို့ စိတ်ကူးနေတယ်။
What time is it now,အခု ဘယ်နှနာရီ ဘယ်နှမိနစ် ရှိပြီလဲ။
I would like to go to a quiet and beautiful place,ကျွန်တော် ဆိတ်ငြိမ်ပြီး လှပသန့်ရှင်းတဲ့နေရာကို သွားချင်တယ်။
There is a supermarket behind the station,ဘူတာရဲ့ အနောက်မှာ စူပါမားကက် ရှိတယ်။
There is a small girl over there,ဟိုမှာ ကောင်မလေးငယ်ငယ်လေး တစ်ယောက် ရှိတယ်။
There is a small dog in the box,သေတ္တာပုံးထဲမှာ ခွေးသေးသေးလေး ရှိတယ်။
Why dont we have some tea,လက်ဖက်ရည်လေးဘာလေး သောက်ရအောင်လား။
This village is quiet and beautiful,ဒီရွာက တိတ်ဆိတ်ပြီး သာယာတယ်။
Ms Matsui sat in front of me,ကျွန်တော့်ရှေ့မှာ မစ္စတာမဆုအိ ထိုင်တယ်။
I will go see a film with my friend tomorrow,မနက်ဖန် သူငယ်ချင်းနဲ့ ရုပ်ရှင် သွားကြည့်မယ်။
I borrowed a phone from Mr Kimura,မစ္စတာခိမုရက ဖုန်း ငှားပေးထားတယ်။
It was written in the letter,စာထဲမှာ ရေးထားတယ်။
I couldnt answer the question because it was too hard,မေးခွန်း ခက်လို့ မဖြေနိုင်ဘူး။
Ms Kimura which one do you like,မစ္စတာခိမုရ ဘယ်တစ်ခုကို ကြိုက်လဲ။
This meat is the cheapest,ဒီအသားက ဈေးအပေါဆုံးပါ။
I will sit on a chair and talk,ထိုင်ခုံမှာ ထိုင်ပြီး စကားပြောမယ်။
It is  right now,ဆယ်နာရီ ငါးဆယ့်တစ်မိနစ်ပါ။
I want to drink water,ရေသောက်ချင်တယ်။
I will take off my clothes because I am going to take a bath,ရေချိုးခန်း ဝင်မလို့ အင်္ကျီချွတ်မယ်။
Class will finish in the morning tomorrow,မနက်ဖန် နေ့လယ်ဆို အတန်း ပြီးပြီ။
When you turn left at that building there is a hospital,အဲဒီအဆောက်အအုံရဲ့ ဘယ်ဘက်ကို ကွေ့လိုက်ရင် ဆေးရုံ ရှိတယ်။
This bread is thick,ဒီဘောပင်က တုတ်တယ်။
I want to go across the river so I will cross the bridge,ချောင်းဟိုဘက်ကို သွားချင်လို့ တံတားကို ကူးတယ်။
Every year I give my mother a present on her birthday,နှစ်တိုင်း အမေ့ကို မွေးနေ့လက်ဆောင် ပေးတယ်။
My elder sister is living by herself in Tokyo right now,အခု အစ်မက တိုကျိုမှာ တစ်ယောက်တည်း နေနေတယ်။
Mr Yamada has bad eyesight so he is wearing glasses,မစ္စတာယာမာဒါက မျက်စိ မကောင်းလို့ မျက်မှန် တပ်ထားတယ်။
The class next to ours is very loud,ဘေးနားကစာသင်ခန်းက အရမ်း စည်ကားတယ်။
Im going to take some medicine because I have a cold,အအေးမိသွားလို့ ဆေးသောက်မယ်။
The person who is wearing a yellow shirt is Mr Hayashi,အဝါရောင်ရှပ်အင်္ကျီ ဝတ်ထားတဲ့တစ်ယောက်က မစ္စတာဟယရှိပါ။
It is on the third floor of this building,ဒီအဆောက်အအုံရဲ့ တတိယထပ်မှာ ရှိတယ်။
You may not talk to the person next to you during class,စာသင်ချိန်မှာ ဘေးနားကလူနဲ့ စကားမပြောရဘူး။
The weather today is very nice,ဒီနေ့ရာသီဥတု အရမ်း သာယာတယ်။
I love animals,ကျွန်တော် တိရစ္ဆာန် အရမ်း ချစ်တယ်။
I do not really like studying,ကျွန်တော် စာကို သိပ် စိတ်မဝင်စားဘူး။
I bring a handkerchief with me when I go out,အပြင်ထွက်တဲ့အခါ လက်ကိုင်ပဝါ ယူသွားတယ်။
The new house is close to the station so it is very convenient,အိမ်အသစ်က ဘူတာနဲ့ နီးလို့ အရမ်း အဆင်ပြေတယ်။
That bag is the same as mine,ဟိုအိတ်က ကျွန်တော့်အိတ်နဲ့ အတူတူပဲ။
When we ride the train we let the people get off first,ရထား စီးတဲ့အခါ ဆင်းတဲ့လူက အရင်။
I cannot wear these trousers because they are too small,ဒီဘောင်းဘီက ကျွန်တော်နဲ့ သေးလို့ ဝတ်လို့မရဘူး။
I have climbed that mountain before,ကျွန်တော် အဲဒီတောင်ကို တက်ဖူးတယ်။
I took a lot of pictures so I do not have any more film,ဓာတ်ပုံတွေ အများကြီး ရိုက်လိုက်လို့ ဖလင် မရှိတော့ဘူး။
Yes hello This is Matsui,ဟုတ်ကဲ့ အမိန့်ရှိပါ။ မဆုအိပါ ရှင်။
I want a hat like this,ကျွန်တော် ဒီလိုဦးထုပ် လိုချင်တယ်။
It was my mothers birthday last week,ရှေ့အပတ်တုန်းက အမေ့မွေးနေ့။
I will live in this town from next year,ကျွန်တော် နောက်နှစ်ကစပြီး ဒီမြို့မှာ နေမယ်။
That cinema is new and pretty,အဲဒီရုပ်ရှင်ရုံက သစ်လွင်ပြီး သန့်ရှင်းနေတာပဲ။
I will walk from school to my house,ကျောင်းကနေ အိမ်အထိ ခြေလျင်လျှောက်တယ်။
I shop at department stores and supermarkets,ကုန်တိုက်တို့ စူပါမားကက်တို့မှာ ဈေးဝယ်တယ်။
I will turn on the computer,ကွန်ပျူတာဖွင့်ပိတ်ခလုတ်ကို ဖွင့်တယ်။
I will come back again,နောက်မှ ထပ်လာမယ်။
I will eat dinner with my friend today,ဒီနေ့ သူငယ်ချင်းနဲ့ ညစာ စားမယ်။
Mr Kobayashi is reading a book right now,အခု မစ္စတာခိုဘာယာရှိ စာကြည့်တိုက်မှာ စာအုပ်ဖတ်နေတယ်။
Why are you studying Japanese,ဘာအတွက် ဂျပန်စာကို လေ့လာနေတာလဲ။
We switch on the TV,တီဗွီခလုတ်ကို ဖွင့်မယ်။
I will lend this magazine to Mr Yamada next,ပြီးရင် ဒီမဂ္ဂဇင်းကို မစ္စတာယာမာဒါကို ငှားမယ်။
There are nine bags in this classroom,ဒီစာသင်ခန်းမှာ လွယ်အိတ် ကိုးလုံး ရှိတယ်။
This camera is expensive but very useful,ဒီကင်မရာက ဈေးကြီးပေမဲ့ အဆင်ပြေတယ်။
My familys dog is big,ကျွန်တော့်အိမ်က ခွေးက ကြီးတယ်။
I read the newspaper every morning and go to work,မနက်တိုင်း သတင်းစာ ဖတ်ပြီး ကုမ္ပဏီ သွားတယ်။
There are three answers to this question,ဒီမေးခွန်းအတွက် အဖြေ သုံးခု ရှိတယ်။
I walk to school every day,ကျွန်တော် နေ့တိုင်း ကျောင်းကို လမ်းလျှောက်သွားတယ်။
I bought this bag with my credit card,ဒီလွယ်အိတ် အကြွေးဝယ်ကတ်နဲ့ ဝယ်ထားတာ။
This classroom wall is thick,ဒီစာသင်ခန်းရဲ့ နံရံက ထူတယ်။
Mr Tanaka has a green tie on,မစ္စတာတာနာခါက အစိမ်းရောင်နက်ကတိုင်ကို စည်းထားတယ်။
There is no school or work from the third of March until the fifth of May,ငါးလ သုံးရက်ကနေ ငါးလ ငါးရက်နေ့အထိ ကျောင်းတွေ ရုံးတွေ ပိတ်တယ်။
I studied all day yesterday so I will play today,မနေ့က တစ်နေ့လုံး စာဖတ်လိုက်လို့ ဒီနေ့တော့ ကစားမယ်။
This box is very heavy,ဒီသေတ္တာက အရမ်း လေးတယ်။
I will call my friend this evening,ဒီည သူငယ်ချင်းဆီ ဖုန်းဆက်မယ်။
You cannot go into that room,အဲဒီအခန်းကို မဝင်ရဘူး။
I work eight hours every day,နေ့တိုင်း တစ်နေ့ကို ရှစ်နာရီ အလုပ်လုပ်တယ်။
The rain continued for several days last week,ရှေ့အပတ်က မိုး ဆက်တိုက် ရွာတယ်။
A new student will be coming next month,လာမယ့်လမှာ တပည့်အသစ် လာမယ်လို့ ကြားတယ်။
I will go buy a shirt,ရှပ်အင်္ကျီ သွားဝယ်မယ်။
I have two brothers,ကျွန်တော့်မှာ ညီအစ်ကိုမောင်နှမ နှစ်ယောက် ရှိပါတယ်။
I listen to the news on the radio,ရေဒီယိုနဲ့ သတင်း နားထောင်တယ်။
After you leave the station please go straight down that street,ဘူတာက ထွက်ပြီး ဟိုလမ်းကနေ တည့်တည့် သွားပါ။
There is a person over there Who is he,ဟိုမှာ လူတစ်ယောက် ရှိတယ်နော်။ အဲဒီလူက ဘယ်သူလဲ။
Where is the teachers car,ဆရာ့ကားက ဘယ်မှာလဲ။
That cafe is next to a bookstore,အဲဒီကော်ဖီဆိုင်က စာအုပ်ဆိုင်ရဲ့ ဘေးနားမှာ ရှိတယ်။
I gave Mr Kimuras telephone number to my friend,သူငယ်ချင်းကို မစ္စတာခိမုရရဲ့ ဖုန်းနံပါတ် ပေးလိုက်တယ်။
We take off our shoes at the entrance,အိမ်အဝင်မှာ ဖိနပ်ကို ချွတ်တယ်။
The bag wasnt closed,အိတ်ကို ပိတ်မထားဘူး။
I will borrow money from Mr Yamada,မစ္စတာယာမာဒါဆီက ပိုက်ဆံချေးတယ်။
I will switch on the light,ဖွင့်ပိတ်ခလုတ်ကို ဖွင့်ပြီး မီးထွန်းတယ်။
I will send a postcard to Mr Matsui,မစ္စတာမဆုအိဆီကို ပို့စကတ် ပို့မယ်။
I will write my name and address on this form,ဒီစာရွက်မှာ နာမည်နဲ့ လိပ်စာ ရေးမယ်။
Ms Kimura gave me a snack,မစ္စတာခိမုရက ကျွန်တော့်ကို မုန့် ပေးတယ်။
There are a lot of people lined up in front of the restaurant,စားသောက်ဆိုင်ရှေ့မှာ လူတွေ အများကြီး တန်းစီနေတယ်။
You may not talk about this to other people,တခြားလူကို မပြောရဘူး။
Because my feet hurt I will walk slowly,ခြေထောက်နာလို့ ဖြည်းဖြည်း လျှောက်မယ်။
Why were you absent from school,ဘာဖြစ်လို့ အတန်းပျက်တာလဲ။
There are two trees in my garden,အိမ်ကခြံထဲမှာ သစ်ပင် နှစ်ပင် ရှိတယ်။
I will go out with Mr Lee again next week,ကျွန်တော် နောက်အပတ် မစ္စတာခိုဘာယာရှိနဲ့ ထပ်ပြီး လျှောက်လည်ဦးမယ်။
Mr Tanaka will arrive at the station at about,မစ္စတာတာနာခါ ဆယ်နာရီဝန်းကျင်လောက် ဘူတာကို ရောက်မယ်။
I called home but no one was home,အိမ်ကို ဖုန်းဆက်ပေမဲ့ ဘယ်သူမှ မရှိဘူး။
Everyone is a student at this university,အားလုံး ဒီတက္ကသိုလ်ကကျောင်းသားတွေပါ။
There is going to be a Japanese test on the twentieth of this month,ဒီလ နှစ်ဆယ်ရက်နေ့မှာ ဂျပန်စာစာမေးပွဲ ရှိတယ်။
I cut my hair yesterday,ကျွန်တော် မနေ့က ဆံပင်ညှပ်ခဲ့တယ်။
Does your head hurt,ခေါင်းကိုက်လား။
I always bring three pencils to school,ကျောင်းကို အမြဲတမ်း ခဲတံ သုံးချောင်း ယူသွားတယ်။
The hospital is across the station,ဆေးရုံက ဘူတာရဲ့ အခြားတစ်ဖက်မှာ။
I put notebooks and pens inside the box,ပုံးထဲကို မှတ်စုစာအုပ်နဲ့ ဘောပင် ထည့်မယ်။
Whose class is the most interesting,ဘယ်ဆရာရဲ့ အတန်းက စိတ်ဝင်စားဖို့ အကောင်းဆုံးလဲ။
There is nothing in the refrigerator,ရေခဲသေတ္တာထဲမှာ ဘာမှ မရှိဘူး။
I will meet Ms Kimura at the station this evening,ဒီည ဘူတာမှာ မစ္စတာခိမုရနဲ့ တွေ့မယ်။
B Im sorry Tomorrow is a little,ဆောရီးပဲ။ နက်ဖန်ခါတော့ သိပ် အဆင်မပြေဘူး။
I sent baggage to my mother yesterday,မနေ့က အမေ့ဆီ ပစ္စည်း ပို့လိုက်တယ်။
I will go home after I do a little bit more work,နောက်ထပ် အလုပ်လေး နည်းနည်း လုပ်ပြီး ပြန်မယ်။
I forgot my umbrella in the train yesterday,မနေ့က ရထားပေါ်မှာ ထီးမေ့ကျန်ခဲ့တယ်။
Mr Kobayashi has work tomorrow so he cannot come,မနက်ဖန် မစ္စတာခိုဘာယာရှိ အလုပ်ရှိလို့ မလာနိုင်ဘူး။
I ride the taxi from the station to work,ဘူတာကနေ ကုမ္ပဏီကို တက္ကစီ စီးသွားတယ်။
Mr Lee and I are in the same group,ကျွန်တော်နဲ့ မစ္စတာလီနဲ့က အဖွဲ့ အတူတူပဲ။
Yesterday I went shopping near the station,မနေ့က ဘူတာနားကို ဈေးဝယ် သွားတယ်။
I do not want to wear a suit because it is hot in the summer,နွေရာသီဆို ပူလို့ အနောက်တိုင်းဝတ်စုံ မဝတ်ချင်ဘူး။
There are four cars parked in front of the shop,ဆိုင်ရှေ့မှာ ကား လေးစီး ရပ်ထားတယ်။
It is going to rain tomorrow so I will go to school by bus,မနက်ဖန် မိုးရွာမှာမို့ ကျောင်းကို ဘတ်စကားနဲ့ သွားမယ်။
It was raining so there wasnt a baseball game,မိုးရွာလို့ ဘေ့စ်ဘောပြိုင်ပွဲ မရှိဘူး။
That person has long skinny legs,ဟိုလူရဲ့ ခြေထောက်က သွယ်ပြီး ရှည်တယ်။
The sky is blue,ကောင်းကင်က ပြာတယ်။
A hundred people can fit in the room next to ours,ဘေးကစာသင်ခန်းက အယောက်တစ်ရာလောက် ဆံ့တယ်။
I will clean the entrance and the hallway,အဝင်နဲ့ စင်္ကြံကိုလည်း သန့်ရှင်းရေးလုပ်မယ်။
Mr Matsui and Mr Lee are friends,မစ္စတာမဆုအိနဲ့ မစ္စတာလီက သူငယ်ချင်းတွေပါ။
My stomach hurts so I will go to the hospital,ဗိုက်နာလို့ ဆေးရုံ သွားတယ်။
I will eat dinner at a restaurant today,ဒီနေ့ စားသောက်ဆိုင်မှာ ညစာစားမယ်။
A lot of flowers blossom in spring,နွေဦးဆို ပန်းတွေ အများကြီး ပွင့်တယ်။
You should work over there,နင် ဟိုဘက်မှာ အလုပ်လုပ်နေပါ။
Mr Hayashi works for a computer company,မစ္စတာဟယရှိက ကွန်ပျူတာကုမ္ပဏီမှာ အလုပ်လုပ်တယ်။
I did not eat breakfast today,ဒီနေ့ မနက်စာ မစားခဲ့ဘူး။
There is a round box over there,ဟိုမှာ ဘူးဝိုင်းလေး ရှိတယ်။
There are two cars in Mr Tanakas house,မစ္စတာတာနာခါရဲ့ အိမ်မှာ ကား နှစ်စီး ရှိတယ်။
Well I dont know Im not really sure,ဘယ်လို ပြောရမလဲ၊ သိပ် နားမလည်ဘူး။
No one came today,ဒီနေ့ ဘယ်သူမှ မလာဘူး။
When there is I word I dont know I use the dictionary,စကားရဲ့ အဓိပ္ပာယ် နားမလည်တဲ့အခါ အဘိဓာန်ကို သုံးတယ်။
It is five oclock now,အခု ငါးနာရီ ထိုးပြီ။
It is me who cooks dinner every day,ညစာကို နေ့တိုင်း ကိုယ်ပဲ ချက်တယ်။
When do you play tennis,ဘယ်တော့ တင်းနစ်ရိုက်မလဲ။
Oh is that so,ဪ၊ ဟုတ်လား။
My room is not that large,ကျွန်တော့်အခန်းက သိပ် မကျယ်ဘူး။
There are a lot of katakana words in Japanese,ဂျပန်စာမှာ ခတခနစကားတွေ အများကြီး ရှိတယ်။
B One two three four,B တစ်၊ နှစ်၊ သုံး၊ လေး ။
When I was eating dinner my friend came over to my home,ကျွန်တော် ညစာစားနေတုန်း သူငယ်ချင်း အိမ်ရောက်လာတယ်။
I will eat dinner at Mr Hayashis house this Saturday,စနေနေ့ကျရင် မစ္စတာဟယရှိရဲ့  အိမ်မှာ ညစာစားမယ်။
I gave my mother a birthday present,အမေ့ကို မွေးနေ့လက်ဆောင် ပေးတယ်။
My little sister is short and has long hair,ကျွန်တော့်ညီမက အရပ်ပုပြီး ဆံပင်ရှည်တယ်။
The post office is near the station,စာတိုက်က ဘူတာဘေးမှာ ရှိတယ်။
The socks section is on the first floor,ခြေအိတ်အရောင်းကောင်တာက တစ်ထပ်မှာ ရှိတယ်။
I do not drink a lot of alcohol,ကျွန်တော် အရက် သိပ် မသောက်ဘူး။
This sentence is short so it is easy to read,ဒီစာကြောင်းက တိုလို့ ဖတ်ရလွယ်တယ်။
Even though it is already  midnight I will study,ညဆယ့်နှစ်နာရီပေမဲ့ စာဖတ်မယ်။
My sister is crying in her room,အခန်းထဲမှာ ညီမလေး ငိုနေတယ်။
The day before yesterday I bought new shoes at the department store,တစ်နေ့က ကုန်တိုက်မှာ ဖိနပ်အသစ် ဝယ်ခဲ့တယ်။
I will go eat dinner after I finish work,အလုပ် ပြီးရင် ညစာ သွားစားမယ်။
I wanted to go to a university in Tokyo,တိုကျိုကတက္ကသိုလ်မှာ တက်ချင်တယ်။
This is my notebook,ဒါ ကျွန်တော့်မှတ်စုစာအုပ်ပါ။
This place is a very famous place in Japan,ဒီနေရာက ဂျပန်မှာ နာမည်အကြီးဆုံးနေရာ။
I borrowed a book from the library and read it,စာကြည့်တိုက်မှာ စာအုပ် ငှားပြီး ဖတ်တယ်။
University starts in April,လေးလပိုင်းကနေ တက္ကသိုလ် စတယ်။
That is todays newspaper,အဲဒါ ဒီနေ့သတင်းစာပါ။
Mr Tanaka bought five pieces of cake,မစ္စတာတာနာခါ ကိတ်မုန့် ငါးခု ဝယ်ခဲ့တယ်။
I bought a thin dictionary,အဘိဓာန် ပါးပါး တစ်အုပ် ဝယ်လိုက်တယ်။
That hairdresser is thin and pretty,ဟို မိတ်ကပ်ဆရာက သေးသွယ်ပြီး လှတယ်။
This is a very important letter,ဒါ အရေးကြီးတဲ့စာပါ။
I went to the concert with my friend yesterday,မနေ့က သူငယ်ချင်းနဲ့ ဂီတပွဲ သွားခဲ့တယ်။
My favourite colour is blue,ကျွန်တော် ကြိုက်တဲ့အရောင်က အပြာပါ။
Mr Lee wrote a letter in Japanese,မစ္စတာလီက ဂျပန်ဘာသာနဲ့ စာတစ်စောင် ရေးခဲ့တယ်။
We will have a party for Mr Yamadas birthday,မစ္စတာယာမာဒါရဲ့ မွေးနေ့ကျရင် ပါတီလုပ်မယ်။
I will not ride the lift but use the stairs,ဓာတ်လှေခါး မစီးဘဲ လှေခါးကို သုံးတယ်။
That supermarket is open at night too,အဲဒီကစူပါမားကက်က ညလည်း ဖွင့်တယ်။
Yes okay,အင်း၊ ကောင်းပါတယ်။
I remember Japanese by watching TV every day,နေ့တိုင်း တီဗွီ ကြည့်ပြီး ဂျပန်စာကို မှတ်တယ်။
I am looking for a black wallet like this,ဒီလောက်လောက် မည်းတဲ့ ပိုက်ဆံအိတ်ကို ရှာနေတယ်။
I always study by myself,အမြဲတမ်း တစ်ယောက်တည်း စာဖတ်နေတယ်။
When you do not know the way please call and ask,လမ်း မသိခဲ့ရင် ဖုန်းဆက်မေးပါ
In Japan you can start driving at  years old,ဂျပန်မှာ ဆယ့်ရှစ်နှစ်ကစပြီး ကားမောင်းလို့ရတယ်။
Mr Lee caught a cold so he is not healthy,မစ္စတာလီ အအေးမိနေလို့ နေမကောင်းဘူး။
Mr Kimura carried my baggage for me,မစ္စတာခိမုရက ကျွန်တော့်ရဲ့ အထုပ်ကို ကူသယ်ပေးတယ်။
A big typhoon came and the train stopped,မုန်တိုင်းကြီး ဝင်လို့ ရထားတွေ ရပ်ကုန်တယ်။
Please contact the company by telephone,ကုမ္ပဏီကို ဖုန်းနဲ့ ဆက်သွယ်လိုက်ပါ။
I study Japanese by listening to tapes,တိတ်ခွေ နားထောင်ပြီး ဂျပန်စာ လေ့လာတယ်။
There is a match on the table,စားပွဲပေါ်မှာ မီးခြစ် ရှိတယ်။
We eat sashimi with soy sauce,ဆာရှိမိကို ပဲငံပြာရည် ဆမ်းပြီး စားတယ်။
I went to a cafe with Mr Kimura during lunchtime yesterday,မနေ့နေ့လယ်က မစ္စတာခိမုရနဲ့ ကော်ဖီဆိုင် သွားတယ်။
The bank employees at the counter are mostly women,ကောင်တာမှာ ရှိတဲ့ ဘဏ်ဝန်ထမ်းတွေက မိန်းကလေးတွေ များတယ်။
Dont smoke in this room,ဒီအခန်းမှာ ဆေးလိပ် သောက်လို့မရဘူး။
I told my friend my new address,သူငယ်ချင်းကို လိပ်စာအသစ် ပေးလိုက်တယ်။
There are two people I do not know in front of the house,အိမ်ရှေ့မှာ မျက်နှာစိမ်း နှစ်ယောက် ရှိတယ်။
This book is boring,ဒီစာအုပ်က စိတ်ဝင်စားဖို့မကောင်းဘူး။
Yesterday I heard some interesting news from my friend,မနေ့က သူငယ်ချင်းဆီက စိတ်ဝင်စားဖို့ကောင်းတဲ့သတင်း တစ်ခု ကြားခဲ့တယ်။
There was no shampoo in the bath,ရေချိုးခန်းထဲမှာ ခေါင်းလျှော်ရည် မရှိဘူး။
Mr Lee is in the library right now,မစ္စတာလီက အခု စာကြည့်တိုက်မှာ ရှိတယ်။
I can speak English,ကျွန်တော် အင်္ဂလိပ်စကား ပြောတတ်တယ်။
There are a desk bed and TV in my room,ကျွန်တော့်ရဲ့ အခန်းမှာ စာရေးခုံတို့ အိပ်ရာတို့ တီဗွီတို့ ရှိတယ်။
I will go shopping at the supermarket,စူပါမားကက်ကို ဈေးဝယ် သွားတယ်။
I went to a coffee shop and had tea with my friend after school,ကျောင်းဆင်းတော့ သူငယ်ချင်းနဲ့ ကော်ဖီဆိုင်မှာ လက်ဖက်ရည် သောက်တယ်။
I am busy this month so I am not free on any day,ဒီလ အလုပ်များလို့ အားရက် မရှိဘူး။
I will go out with my friend tomorrow night,မနက်ဖန်ည သူငယ်ချင်းနဲ့ တွေ့ရမှာမို့ အပြင်ထွက်မယ်။
I will put in three spoonfuls of sugar,သကြားကို ဇွန်းနဲ့ သုံးခွက် ထည့်တယ်။
There are a lot of stores over there that are lined up,အဲဒီမှာ ဆိုင်တွေ အများကြီး တန်းစီနေတာပဲ။
No thats not correct,ဟင့်အင်း၊ မဟုတ်ဘူး။
Last year I went on a trip abroad with my friend,မနှစ်က သူငယ်ချင်းနဲ့ နိုင်ငံခြား အလည်ခရီး ထွက်ခဲ့တယ်။
I will transfer money at the counter,ဘဏ်ကောင်တာကနေ ငွေလွှဲမယ်။
I will put two vases on the table,စားပွဲပေါ်မှာ ပန်းအိုး နှစ်လုံး စီထားမယ်။
My wife comes home soon,အမျိုးသမီးက ချက်ချင်း ပြန်လာတယ်။
That dog has big ears,ဟိုခွေးက နားရွက် ကြီးတယ်။
Cars are expensive but convenient,ကားက ဈေးကြီးပေမဲ့ အဆင်ပြေတယ်။
I want shoes that are light,ကျွန်တော် ပေါ့တဲ့ ဖိနပ် လိုချင်တယ်။
I met Mr Hayashi for the first time,ကျွန်တော် ပထမဆုံးအကြိမ် မစ္စတာဟယရှိနဲ့ တွေ့ခဲ့တယ်။
That shop has tasty snacks,ဟိုဆိုင်မှာ စားလို့ကောင်းတဲ့မုန့်တွေ ရောင်းတယ်။
Class always starts after,အမြဲတမ်း ကိုးနာရီကျော်မှာ အတန်းစတယ်။
Well then that is all for todays class Lets meet next week,ဒီနေ့သင်ခန်းစာက ဒီလောက်ပါပဲ။ နောက်အပတ်မှ ထပ်တွေ့မယ်။
There are a dog and a cat in Mr Hayashis house,မစ္စတာဟယရှိရဲ့ အိမ်မှာ ခွေးနဲ့ ကြောင် ရှိတယ်။
Curry is Indian food,ကာရီက အိန္ဒိယအစားအစာပါ။
I can write kanji,ကျွန်တော် ခန်းဂျီး ရေးတတ်တယ်။
I drink one glass of milk every morning,မနက်တိုင်း နွားနို့ တစ်ခွက် သောက်တယ်။
Two bottles of CocaCola please,ကိုကာကိုလာ နှစ်ခွက် ပေးပါ။
I practise tennis every day,ကျွန်တော် နေ့တိုင်း တင်းနစ် လေ့ကျင့်တယ်။
There is going to be a tennis match tomorrow,မနက်ဖန် တင်းနစ်ပြိုင်ပွဲ ရှိတယ်။
What kind of work do you do,မင်း ဘာအလုပ် လုပ်သလဲ။
I have a test tomorrow so I will study tonight,မနက်ဖန် စာမေးပွဲ ရှိလို့ ဒီည စာဖတ်မယ်။
The book is in the bag,စာအုပ်က လွယ်အိတ်ထဲမှာပါ။
The water in this river is clean,ဒီချောင်းကရေက သန့်တယ်။
This road has twists and turns,ဒီလမ်းက ကွေ့ကောက်နေတယ်။
Every month I write a letter to my friend overseas,လတိုင်း နိုင်ငံခြားကသူငယ်ချင်းဆီကို စာရေးတယ်။
I will learn the guitar starting this year,ကျွန်တော် ဒီနှစ်ကစပြီး ဂီတာတီး သင်မယ်။
There are a lot of pretty flowers in bloom in the park,ပန်းခြံမှာ ပန်းလှလှလေးတွေ အများကြီး ပွင့်နေတယ်။
I take off my shoes and put on slippers,ရှူးဖိနပ်ကို ချွတ်ပြီး ဖိနပ်ပါးကို စီးတယ်။
There is a small chair in my room,ကျွန်တော့်အခန်းမှာ ထိုင်ခုံ သေးသေးလေး ရှိတယ်။
There are seven eggs in the refrigerator,ရေခဲသေတ္တာထဲမှာ ကြက်ဥ ခုနစ်လုံး ရှိတယ်။
There is a new computer in the classroom,စာသင်ခန်းမှာ ကွန်ပျူတာအသစ် ရှိတယ်။
Well then thank you in advance,ဒါဖြင့်၊ ကူညီဆောင်ရွက်ပေးပါ။
There is a TV next to the piano,တီဗွီက စန္ဒရားဘေးမှာ ရှိတယ်။
The sea around here is dirty,ဒီအနီးတဝိုက်ကပင်လယ်က ညစ်ပတ်တယ်။
Watching TV is not good for your eyes,တီဗွီက မျက်စိအတွက် မကောင်းဘူး။
That building was built in,ဟိုဘက်ကအဆောက်အအုံက ခုနစ်ရာကိုးဆယ့်လေးနှစ်က ဆောက်ထားတာ။
The food my mother cooks is very good,အမေ ချက်တဲ့ဟင်းက အရမ်း စားလို့ကောင်းတယ်။
I studied English in America for three months,အမေရိကမှာ အင်္ဂလိပ်စာကို သုံးလ လေ့လာခဲ့တယ်။
I eat rice in a bowl,ပန်းကန်လုံးနဲ့ ထမင်းစားတယ်။
This magazine is interesting,ဒီမဂ္ဂဇင်းက ဖတ်လို့ကောင်းတယ်။
I will go to the police box because I lost my wallet,ပိုက်ဆံအိတ် ပျောက်သွားလို့ ရဲစခန်းကို သွားမယ်။
I do not have any money,ပိုက်ဆံ မရှိဘူး။
It takes  minutes by bus from the station to the hospital,ဘူတာကနေ ဆေးရုံကို ဘတ်စကားနဲ့ ဆယ်မိနစ် ကြာတယ်။
I put sugar in my coffee using a spoon,ဇွန်းနဲ့ ကော်ဖီထဲကို သကြား ထည့်တယ်။
The beauty salon is next to the station,အလှပြင်ဆိုင်က ဘူတာရဲ့ ဘေးမှာ ရှိတယ်။
I will eat and smoke a cigarette,ထမင်းစားပြီး ဆေးလိပ် တစ်လိပ် သောက်တယ်။
I always ride the train at eight oclock in the morning,အမြဲတမ်း မနက်ရှစ်နာရီရထားကို စီးတယ်။
The room is dark so I will turn on the light,အခန်းက မှောင်လို့ မီးကို ထွန်းတယ်။
I would like to listen to Japanese music,ဂျပန်တေးဂီတကို နားထောင်ချင်တယ်။
How many pieces of bread did you buy,ပေါင်မုန့် ဘယ်နှခု ဝယ်လိုက်လဲ။
Big bags are convenient,အိတ် အကြီးကြီး သုံးရတာ အဆင်ပြေတယ်။
That company makes cars,အဲဒီကုမ္ပဏီက ကားထုတ်လုပ်နေတယ်။
There is an ashtray on the table,စားပွဲပေါ်မှာ ဆေးလိပ်ပြာခွက် ရှိတယ်။
I could not find the keys so I looked inside my bag,သော့ မတွေ့လို့ အိတ်ထဲကို ရှာတယ်။
I eat cake for my birthday every year,နှစ်တိုင်း မွေးနေ့မှာ ကိတ်မုန့် စားလေ့ရှိတယ်။
I play tennis on Sundays,တနင်္ဂနွေနေ့မှာ တင်းနစ်ရိုက်တယ်။
This computer is expensive but it is very good,ဒီကွန်ပျူတာက ဈေးကြီးပေမဲ့ အရမ်း ကောင်းတယ်။
Mr Yamada is in the classroom,မစ္စတာယာမာဒါက စာသင်ခန်းထဲမှာ ရှိတယ်။
I left my umbrella on the train,ရထားပေါ်မှာ ထီး မေ့ကျန်ခဲ့တယ်။
This mountain is low,ဒီတောင်က နိမ့်တယ်။
Who is Mr Hayashi,ဘယ်သူက မစ္စတာဟယရှိလဲ။
I will study somewhere bright,လင်းလင်းထိန်ထိန် ရှိတဲ့ နေရာမှာ စာဖတ်တယ်။
My aunt works at a flower shop,ကျွန်တော့်အဒေါ်က ပန်းဆိုင်မှာ အလုပ်လုပ်နေတယ်။
I have been studying since last year,မနှစ်ကတည်းက လေ့လာနေတယ်။
Mr Tanakas bag is there,မစ္စတာတာနာခါရဲ့ အိတ်က အဲဒီမှာ ရှိတယ်။
I always read a book for only thirty minutes before I go to sleep,အမြဲတမ်း မအိပ်ခင်မှာ မိနစ်သုံးဆယ်လောက်သာ စာအုပ် ဖတ်တယ်။
I will work as soon as I graduate university,တက္ကသိုလ်ပြီးရင် ချက်ချင်း အလုပ်လုပ်မယ်။
Mr Matsui is good at handwriting letters,မစ္စတာမဆုအိက လက်ရေး ကောင်းတယ်။
I will teach Ms Kimura English,မစ္စတာခိမုရကို အင်္ဂလိပ်စာ သင်တယ်။
Mr Tanaka can play tennis,မစ္စတာတာနာခါက တင်းနစ်ရိုက်တတ်တယ်။
Flowers will blossom in the garden,ခြံထဲမှာ ပန်းတွေ ပွင့်တယ်။
I need a dictionary because we will be writing an essay in class tomorrow,မနက်ဖန် အတန်းမှာ စာစီစာကုံး ရေးရမှာမို့လို့ အဘိဓာန် လိုတယ်။
This dish does not look good,ဒီဟင်းက စားကောင်းမယ့်ပုံမပေါ်ဘူး။
I forgot that persons name,အဲဒီလူရဲ့ နာမည်ကို မေ့သွားတယ်။
I will buy a postcard at the post office,စာတိုက်မှာ ပို့စကတ် တစ်ခု ဝယ်မယ်။
It is a little hot so I will open the window,နည်းနည်း အိုက်လို့ ပြတင်းပေါက် ဖွင့်မယ်။
Mr Hayashi will go abroad for work for one month from next week,မစ္စတာဟယရှိ နောက်လကနေစပြီး တစ်လကြာ အလုပ်ကိစ္စနဲ့ နိုင်ငံခြားကို သွားမယ်။
When summer ends autumn comes,နွေကုန်ရင် ဆောင်းဦး လာမယ်။
This room has no window,ဒီအခန်းက ပြတင်းပေါက် မရှိဘူး။
I put in sugar and drink coffee,ကျွန်တော် ကော်ဖီကို သကြား ထည့်သောက်တယ်။
I would like to drink some hot tea,ရေနွေးကြမ်း ပူပူလေး သောက်ချင်တယ်။
I helped my little sister with her homework,ကျွန်တော် ညီမလေးရဲ့ အိမ်စာကို ကြည့်ပေးတယ်။
There is a good store in front of the station,ဘူတာရှေ့မှာ ဆိုင်ကြီးဆိုင်ကောင်းတွေ ရှိတယ်။
There are many people swimming at the beach,ပင်လယ်မှာ လူတွေ အများကြီး ရေကူးနေတယ်။
I will remember the number written on this paper,စာရွက်မှာ ရေးထားတဲ့ နံပါတ်ကို မှတ်တယ်။
Mr Kobayashis little brother plays football,မစ္စတာဟယရှိရဲ့ ညီလေးက ဘောလုံး ကစားနေတယ်။
The sky in the east is cloudy,အရှေ့ဘက်ကောင်းကင်မှာ တိမ်ထူနေတယ်။
It takes one hour to get from my house to school by train,အိမ်ကနေ ကျောင်းအထိ ရထားနဲ့ တစ်နာရီ ကြာတယ်။
I will check my belongings before I leave the house,အိမ်က မထွက်ခင် အထုပ်ကို စစ်တယ်။
It is two kilometres from the station to the library,ဘူတာကနေ စာကြည့်တိုက်အထိ နှစ်ကီလိုမီတာ ရှိတယ်။
Even if it rains I go by bicycle,မိုးရွာလည်း စက်ဘီးနဲ့ သွားတယ်။
I heard something I didnt like yesterday,မနေ့က မကြားချင်တဲ့စကားကို ကြားရတယ်။
I travelled during summer vacation,ကျွန်တော် နွေရာသီပိတ်ရက်မှာ ခရီးထွက်တယ်။
I will put a film in the camera,ကင်မရာထဲကို ဖလင် ထည့်တယ်။
That cup is yours,အဲဒီခွက်က မင်းဟာပါ။
I will go home because it is already late,ည အရမ်း မိုးချုပ်ပြီမို့ အိမ်ပြန်မယ်။
The weather is nice this morning,ဒီမနက်က ရာသီဥတုသာယာတယ်။
Excuse me a second,တစ်ဆိတ်လောက်၊ တောင်းဆိုပါရစေ။
Where is your country,ဘယ်နိုင်ငံကပါလဲ။
I want to take the day off tomorrow However I need to go to school,မနက်ဖန် တစ်နေ့လုံး နားချင်တယ်။ ဒါပေမဲ့ ကျောင်းမသွားလို့မရဘူး။
Ms Kimura showed me the picture,မစ္စတာခိမုရက ကျွန်တော့်ကို ဓာတ်ပုံ ပြတယ်။
Can you call abroad with that phone,ဟိုတယ်လီဖုန်းနဲ့ နိုင်ငံခြားကို ဖုန်းခေါ်လို့ရသလား။
I drink coffee every morning,ကျွန်တော် မနက်တိုင်း ကော်ဖီ သောက်တယ်။
Our summer vacation is from  August to  September,ရှစ်လပိုင်း တစ်ရက်နေ့ကနေ ကိုးလပိုင်း သုံးဆယ်ရက်နေ့အထိက နွေရာသီပိတ်ရက်ပါ။
I will be absent from school,ကျောင်းမသွားဘူး။
There is a tree in the park with a thick trunk,ပန်းခြံမှာ သစ်ပင် တုတ်တုတ်ကြီးတွေ ရှိတယ်။
I weigh  kilograms,ကျွန်တော် အခု ကိုယ်အလေးချိန် လေးဆယ့်ငါးကီလိုဂရမ် ရှိတယ်။
There is a bag under the desk,စာရေးခုံအောက်မှာ လွယ်အိတ် ရှိတယ်။
I sometimes go to the bookstore over there,ကျွန်တော် တစ်ခါတလေ အဲဒီကစာအုပ်ဆိုင်ကို သွားတယ်။
There are paper and a pencil on the desk,စာရေးခုံပေါ်မှာ စာရွက်နဲ့ ခဲတံ ရှိတယ်။
Because I always use this pencil it has become short,အမြဲတမ်း ဒီခဲတံချည်းပဲ သုံးနေလို့ တိုတောင်တိုသွားပြီ။
Yesterdays class was long,မနေ့ကအတန်းက အချိန်ရှည်တယ်။
Mr Hayashis boxed lunch looks yummy,မစ္စတာဟယရှိရဲ့ ထမင်းဘူးက စားချင်စရာကောင်းလိုက်တာ။
My father is a bank employee,ကျွန်တော့်အဖေက ဘဏ်ဝန်ထမ်းပါ။
When I was a child I often played at that park,ကျွန်တော် ကလေးဘတုန်းက အဲဒီပန်းခြံမှာ အမြဲ ကစားတယ်။
Please stand up,မတ်တပ်ထပါ။
Japanese people use chopsticks to eat,ဂျပန်လူမျိုးတွေက တူနဲ့ ထမင်းစားတယ်။
If you are going to the embassy you need to get off at the next station,သံရုံး သွားမှာဆိုရင် နောက်ဘူတာမှာ ဆင်းရမယ်။
Lets cross the street and walk on the left,လမ်းကူးပြီး ဘယ်ဘက်ခြမ်းကနေ လျှောက်ရအောင်။
Everyone your classroom will be on the third floor,မင်းတို့ရဲ့ စာသင်ခန်းက သုံးထပ်မှာ။
Here you are,ကောင်းပါပြီ၊ လုပ်ပါ။
I had dinner with my friend today,ဒီနေ့ သူငယ်ချင်းနဲ့ ညစာ စားလာတယ်။
My parents will come to my house on the ninth of next month,နောက်လ ကိုးရက်နေ့မှာ မိဘတွေ ကျွန်တော့်အိမ်ကို လာလည်မယ်။
My eyes became tired because I was reading a book in a dark room,အမှောင်ခန်းထဲမှာ စာအုပ် ဖတ်လိုက်တာ မျက်စိ ညောင်းသွားတယ်။
Ms Kimura is wearing a cute skirt,မစ္စခိမုရက ချစ်စရာကောင်းတဲ့စကတ်လေးကို ဝတ်ထားတယ်။
We show our passports at the airport,လေဆိပ်မှာ ပတ်စပို့ကို ပြတယ်။
I received a yellow handkerchief for my birthday,မွေးနေ့မှာ အဝါရောင်လက်ကိုင်ပဝါလေး လက်ဆောင်ရတယ်။
This is a very light and convenient dictionary,ဒါလေးက အရမ်း ပေါ့ပြီး အဆင်ပြေတဲ့အဘိဓာန်ပဲ။
Mobile phones are small and very useful,လက်ကိုင်ဖုန်းက သေးပြီး အရမ်း အဆင်ပြေတယ်။
I worked for a long time so I took a little rest,နာရီ အတော်ကြာကြာ အလုပ်လုပ်ခဲ့ရလို့ နည်းနည်း အနားယူလိုက်တယ်။
It is already  so I must get out of the house,ခုနစ်နာရီတောင် ခွဲပြီ၊ အိမ်က မထွက်လို့မဖြစ်တော့ဘူး။
Your clothes are beautiful,အင်္ကျီလေးက လှတယ်နော်။
Mr Tanaka always seems busy,မစ္စတာတာနာခါက အမြဲတမ်း အလုပ်များတဲ့ပုံပဲ။
My head hurts tonight so I will go to sleep early,ခေါင်းကိုက်လို့ ဒီနေ့ စောစော အိပ်မယ်။
The weather will be rainy tomorrow,မနက်ဖန်ရဲ့ ရာသီဥတုအခြေအနေကတော့ မိုးရွာပါမယ်။
Is it cold outside,အပြင်မှာ အေးလား။
I will tell the teacher about that,အဲဒီအကြောင်းကို ကျွန်တော် ဆရာ့ကို ပြောမယ်။
There are vegetables and eggs in the refrigerator,ရေခဲသေတ္တာထဲမှာ ဟင်းသီးဟင်းရွက်နဲ့ ကြက်ဥ ရှိတယ်။
There are ten in all,စုစုပေါင်း တစ်ဆယ် ရှိတယ်။
There are six boxes in the room,အခန်းထဲမှာ သေတ္တာ ခြောက်လုံး ရှိတယ်။
I have some time this morning so I will read the newspaper before heading out,ဒီမနက်က အချိန်ရလို့ သတင်းစာ ဖတ်ပြီးမှ အိမ်က ထွက်မယ်။
It was hot so we swam in the pool,ပူလို့ ရေကူးကန်မှာ ရေကူးတယ်။
I will study because I have a test next week,နောက်အပတ် စာမေးပွဲရှိလို့ စာဖတ်မယ်။
Yes okay,ဟုတ်ကဲ့၊ ရပါတယ်။
I will order this dish,ကျွန်တော် ဒီဟင်း မှာမယ်။
I am busy every day However every day is very fun,နေ့တိုင်း အလုပ်များတယ်။ ဒါပေမဲ့ အရမ်း ပျော်တယ်။
I work on Sundays too,ကျွန်တော် တနင်္ဂနွေနေ့လည်း အလုပ်လုပ်တယ်။
One egg is about  grams,ကြက်ဥက တစ်လုံးကို ငါးဆယ်ဂရမ်လောက် ရှိတယ်။
Please help me if Im doing something wrong,ကျေးဇူးပြုပြီး ဆောင်ရွက်ပေးပါရန် တောင်းဆိုအပ်ပါတယ်။
In Japan we can drink at twenty years of age,ဂျပန်မှာ အသက်နှစ်ဆယ်ကစပြီး အရက် သောက်လို့ရတယ်။
I cannot run anymore because my feet hurt,ခြေထောက်နာလို့ မပြေးနိုင်တော့ဘူး။
This place is a big and bustling town,ဒီမြို့က ကြီးပြီး စည်ကားတဲ့မြို့ ဖြစ်တယ်။
I eat breakfast every day,ကျွန်တော် မနက်တိုင်း မနက်စာစားတယ်။
Chicken is cheap but beef tastes better,ကြက်သားက ဈေးပေါပေမဲ့ အမဲသားက ပိုစားလို့ကောင်းတယ်။
Im eating dinner right now,အတော်ပဲ၊ အခု ညစာစားနေတုန်း။
I dont like sports,ကျွန်တော် အားကစား ဝါသနာမပါဘူး။
There is a big lake in the park,ပန်းခြံထဲမှာ ရေကန် အကြီးကြီး ရှိတယ်။
Mr Tanaka studies at the library but I study at home,မစ္စတာတာနာခါက စာကြည့်တိုက်မှာ စာဖတ်ပေမဲ့ ကျွန်တော်ကတော့ အိမ်မှာပဲ ဖတ်တယ်။
Whose bag is that,အဲဒီအိတ်က ဘယ်သူ့ဟာလဲ။
These socks are cheap but wont wear out quickly,ဒီခြေအိတ်က ခိုင်ပြီး ဈေးသက်သာတယ်။
Last month a department store was opened next to our town,ရှေ့လက ဘေးကပ်လျက်မြို့မှာ ကုန်တိုက်အသစ် ဖွင့်တယ်။
I eat bread and drink milk every morning,မနက်တိုင်း ပေါင်မုန့် စားပြီး နွားနို့ သောက်တယ်။
I will call a taxi,တက္ကစီ တစ်စီး ခေါ်မယ်။
I telephoned while I was in my room,အခန်းမှာ ရှိတုန်းက ဖုန်းဆက်တယ်။
Ten more minutes until five,နောက်ဆယ်မိနစ်ဆို ငါးနာရီ ထိုးပြီ။
I ate the snack I received from Mr Tanaka,မစ္စတာတာနာခါဆီက ရခဲ့တဲ့မုန့်ကို စားလိုက်တယ်။
I am a student,ကျွန်တော် ကျောင်းသားပါ။
If you push here coffee will come out,ဒီနေရာကို နှိပ်ရင် ကော်ဖီ ထွက်တယ်။
The food at the party was not very good,ပါတီက ဟင်းတွေ စားလို့မကောင်းဘူး။
Was there anyone in the room next to us,ဘေးကအခန်းမှာ ဘယ်သူများ ရှိလို့လဲ။
I will go home for today,ဒီနေ့တော့ အိမ်ပြန်မယ်။
It is dangerous here so you may not go inside,အန္တရာယ်ရှိလို့ ဒီကို မဝင်ရဘူး။
There is a new airport near here,အိမ်နားက လေဆိပ်အသစ်ကြီး ဆောက်ပြီးသွားပြီ။
You cannot use the thing that is over there,အဲဒီမှာ ရှိတဲ့ပစ္စည်းတွေကို မသုံးရဘူး။
This classroom is bright and pretty,ဒီစာသင်ခန်းက အလင်းရောင်ကောင်းပြီး သန့်ရှင်းတယ်။
People who have not brought a ballpoint pen may use a pencil,ဘောပင် ပါမလာတဲ့သူတွေ ခဲတံနဲ့ဆိုလည်း ရတယ်။
This lift will stop from the second floor to the ninth floor,ဒီဓာတ်လှေခါးက နှစ်ထပ်ကနေ ကိုးထပ်အထိ ရပ်တယ်။
Why dont we play tennis Saturday afternoon,စနေနေ့ နေ့လယ်ပိုင်းမှာ တင်းနစ်ကစားရအောင်လား။
There is a cat in front of the house,အိမ်ရဲ့ အရှေ့မှာ ကြောင် ရှိတယ်။
I use a fork when I eat cake,ကိတ်မုန့် စားတဲ့အခါ ခက်ရင်းကို သုံးတယ်။
My throat hurts from yesterday,ကျွန်တော် မနေ့ကတည်းက လည်ချောင်းနာနေတယ်။
I will call Mr Lee tomorrow,မနက်ဖန် မစ္စတာလီဆီ ဖုန်းဆက်မယ်။
Dont open that window because it is dangerous,အန္တရာယ် ရှိလို့ ဟိုကပြတင်းပေါက်ကို မဖွင့်ရဘူး။
My mother is worried because my sister is not home yet,ညီမလေး ပြန်မလာသေးလို့ အမေ စိတ်ပူနေတယ်။
This snack is sweet,ဒီမုန့်က ချိုတယ်။
I bought a magazine at the bookstore,စာအုပ်ဆိုင်မှာ မဂ္ဂဇင်းကို ဝယ်တယ်။
I drink coffee without milk,ကျွန်တော် ကော်ဖီကို နို့ မထည့်ဘဲ သောက်တယ်။
I always play with my friends on Fridays because the next day is a day off,နောက်တစ်ရက်က ပိတ်ရက်မို့လို့ သောကြာနေ့ဆို အမြဲတမ်း သူငယ်ချင်းနဲ့ လျှောက်လည်တယ်။
Ms Kimura made seven snacks,မစ္စတာခိမုရက မုန့်ကို ခုနစ်ခု လုပ်ခဲ့တယ်။
This is my home key,ဒါ ကျွန်တော့်အိမ်သော့ပါ။
I didnt get very tired,သိပ် မပင်ပန်းခဲ့ဘူး။
There are seven pieces of cake,ကိတ်မုန့် ခုနစ်ခု ရှိတယ်။
I feel very tired,အရမ်း ပင်ပန်းတယ်။
This clock costs  yen,ဒီနာရီက ယန်းထောင့်ငါးရာပါ။
The languages spoken in Japan are different from those in overseas countries,ဂျပန်နဲ့ နိုင်ငံခြားက ဘာသာစကား ကွဲပြားတယ်။
I ate food while watching TV,တီဗွီကြည့်ရင်း ထမင်းစားတယ်။
I was going to study at the library but it was closed,စာကြည့်တိုက်မှာ စာဖတ်မလို့ လုပ်ထားတာ စာကြည့်တိုက် မဖွင့်ဘူး။
If everyone is going then I will go too,မင်းတို့ သွားရင် ငါလည်း သွားမယ်။
I will raise my hand,လက်ကို အပေါ်ကို မြှောက်တယ်။
I taught Mr Lee the meaning of this word,မစ္စတာလီကို ဒီစကားရဲ့ အဓိပ္ပာယ်ကို သင်ပေးခဲ့တယ်။
I always go to work at nine in the morning,မနက်တိုင်း ကိုးနာရီမှာ ကုမ္ပဏီ သွားတယ်။
It is very convenient because the kitchen in my new house is big,အိမ်သစ်က မီးဖိုချောင် ကျယ်လို့ အရမ်း အဆင်ပြေတယ်။
I will put money in my wallet,ပိုက်ဆံအိတ်ထဲကို ပိုက်ဆံ ထည့်တယ်။
What kind of food is it,အဲဒါ ဘယ်လိုအစားအစာမျိုးလဲ။
When I get home I am going to clean my room,အိမ်ပြန်ရင် သန့်ရှင်းရေးလုပ်မယ်လို့ စိတ်ကူးထားတယ်။
I showed vacation pictures to Mr Kimura,မစ္စတာခိမုရကို ခရီးသွားတုန်းကဓာတ်ပုံ ပြလိုက်တယ်။
I bought a camera for  yen,ယန်းသုံးသောင်းနဲ့ ကင်မရာ ဝယ်လိုက်တယ်။
I gave a map of this town to Mr Kimura yesterday,မနေ့က မစ္စတာခိမုရကို ဒီမြို့ရဲ့  မြေပုံ ပေးလိုက်တယ်။
Airplanes are fast and convenient,လေယာဉ်ပျံက မြန်ပြီး အဆင်ပြေတယ်။
I walk very slowly,ကျွန်တော် လမ်းလျှောက်တာ အရမ်း နှေးတယ်။
I will put the things I do not use on top of the bookcase,မသုံးတဲ့ ပစ္စည်းကို စာအုပ်စင်ပေါ် တင်မယ်။
I got a shirt from my friends on my birthday,မွေးနေ့မှာ သူငယ်ချင်းဆီက ရှပ်အင်္ကျီ လက်ဆောင်ရတယ်။
We need a ticket to ride the train,ရထား စီးတဲ့အခါ လက်မှတ် လိုတယ်။
Mr Yamada is outside the classroom,မစ္စတာယာမာဒါက စာသင်ခန်းရဲ့ အပြင်မှာ ရှိတယ်။
Which one is the most delicious,ဘယ်ဟာ အရသာ အရှိဆုံးလဲ။
This bag is big and heavy,ဒီအိတ်က ကြီးပြီး လေးတယ်။
When you become an adult you can drink alcohol,အရွယ်ရောက်ရင် အရက်သောက်လို့ရတယ်။
No I wont go,ဟင့်အင်း၊ မသွားဘူး။
I will write the answer here,ဒီမှာ အဖြေ ရေးမယ်။
Mr Lee wants to play tennis,မစ္စတာလီက တင်းနစ် ရိုက်ချင်နေတယ်။
Ms Kimuras elder sister is very beautiful,မစ္စတာခိမုရရဲ့ အစ်မက အရမ်း ချောတဲ့မိန်းကလေး။
There is a tree in the park,ပန်းခြံမှာ သစ်ပင်တွေ ရှိတယ်။
Where do you usually eat lunch,အမြဲတမ်း ဘယ်မှာ ထမင်းစားသလဲ။
The car is not in the yard It looks like my mother is out,ခြံထဲမှာ ကား မရှိဘူး။ အမေ အပြင်ထွက်သွားတယ် ထင်တယ်။
This book is difficult with a lot of kanji,ဒီစာအုပ်က ခန်းဂျီးက များပြီး ခက်တယ်။
You can listen to both music and the radio on a radio cassette recorder,ရေဒီယိုကက်ဆက်က ရေဒီယိုရော သီချင်းရော နားထောင်လို့ရတယ်။
I live in Tokyo whereas my little brother lives in Kyoto,ကျွန်တော်က တိုကျိုမှာ နေပေမဲ့ ညီလေးကတော့ ကျိုတိုမှာ နေတယ်။
I do not like handwriting letters very much,စာလုံး ရေးရတာ သိပ် မကြိုက်ဘူး။
Would you like to go on a trip together,ခရီး အတူတူ သွားကြမလား။
The window is open,ပြတင်းပေါက် ပွင့်နေတယ်။
Mr Matsui and Ms Lee are in the same class,မစ္စတာမဆုအိနဲ့ မစ္စတာလီက အတန်း အတူတူပဲ။
When I wake up I wash my face,မနက် အိပ်ရာထပြီးတော့ မျက်နှာသစ်တယ်။
I bought a travelling book at a book store,စာအုပ်ဆိုင်ကနေ ခရီးသွားလမ်းညွှန်စာအုပ် ဝယ်လာတယ်။
My brother is good at football so he taught me,ညီလေးက ဘောလုံးကစား တော်လို့ သူ့ဆီက သင်ထားတာ။
I will go to my friends house after class,အတန်းပြီးရင် သူငယ်ချင်းအိမ် သွားမယ်။
The wall of this room is thin so I will talk quietly,ဒီအခန်းရဲ့ နံရံက ပါးလို့ အသံ တိုးတိုးနဲ့ စကားပြောတယ်။
I lost my passport at the station,ဘူတာမှာ ပတ်စပို့ ပျောက်သွားတယ်။
I am a student but my elder brother works at a company,ကျွန်တော်က ကျောင်းသားပေမဲ့ အစ်ကိုကတော့ ကုမ္ပဏီဝန်ထမ်းပါ။
The postbox is across the street from our house,စာတိုက်ပုံးက အိမ်နဲ့ မျက်နှာချင်းဆိုင်မှာ ရှိတယ်။
Mr Lees elder brother will come to Japan next week,နောက်အပတ် မစ္စတာလီရဲ့ အစ်ကို ဂျပန်ကို အလည်လာမယ်။
It will be  degrees tomorrow so it will be hot,မနက်ဖန် အပူချိန် သုံးဆယ်ဒီဂရီအထိ မြင့်မှာဆိုတော့ ပူမယ်။
I cannot play tennis on days when the wind is strong,လေကြမ်းတဲ့နေ့ဆို တင်းနစ်ရိုက်လို့မရဘူး။
That person is a teacher at this school,အဲဒီပုဂ္ဂိုလ်က ဒီကျောင်းကဆရာပါ။
There is a car behind the house,အိမ်ရဲ့ အနောက်ဘက်မှာ ကား ရှိတယ်။
I ate one snack that I got from Mr Lee,မစ္စတာလီဆီက ရခဲ့တဲ့မုန့်ကို တစ်ခု စားလိုက်တယ်။
Mr Tanaka can sing while playing the guitar,မစ္စတာတာနာခါက ဂီတာ တီးရင်းနဲ့ သီချင်းဆိုတတ်တယ်။
The drink I like the best is tea,ကျွန်တော် နံပါတ်တစ်အကြိုက်ဆုံးဒွင့်ခ်က လက်ဖက်ရည်ပါ။
Airmail is faster than surface mail,သင်္ဘောလိုင်းထက်စာရင် လေယာဉ်နဲ့ ပို့တာက မြန်မြန် ရောက်တယ်။
Our teacher is over there,အဲဒီစာအုပ်က ကျွန်တော့်ဟာပါ။
The window is open,ပြတင်းပေါက် ဖွင့်ထားတယ်။
I sent it by airmail so it was a little bit expensive,လေကြောင်းလိုင်းနဲ့ ပို့လိုက်လို့ နည်းနည်း ဈေးများတယ်။
I go abroad once a year,တစ်နှစ် တစ်ခါ နိုင်ငံခြား သွားတယ်။
I will go back to my country during summer vacation,နွေရာသီပိတ်ရက်မှာ အမိနိုင်ငံကို ပြန်မယ်။
Hello,ဟလို။
I will go to the bank and transfer some money on Thursday afternoon,ကြာသပတေးနေ့နေ့လယ်ပိုင်းကျရင် ဘဏ်မှာ ငွေသွားသွင်းမယ်။
Dinner today will be curry,ဒီနေ့ ညစာက ထမင်းဖြူနဲ့ မဆလာဟင်းပါ။
Ms Kimura has a very good mind,မစ္စတာခိမုရက ဉာဏ် အရမ်း ကောင်းတယ်။
Yes all right,ဟုတ်ကဲ့၊ နားလည်ပါပြီ။
We can study here,ဒီမှာ စာဖတ်လို့ရတယ်။
This hotel room is very pretty,ဒီဟိုတယ်က အခန်းတွေက အရမ်း သန့်တယ်။
Mr Matsuis voice is big,မစ္စတာမဆုအိက အသံကျယ်တယ်။
I go to school by bus,ဘတ်စကားနဲ့ ကျောင်းသွားတယ်။
Mr Kobayashis aunt lives in Tokyo,မစ္စတာခိုဘာယာရှိရဲ့ အဒေါ်က တိုကျိုမှာ နေတယ်။
My sister will enter university next year,လာမယ့်နှစ်မှာ ကျွန်တော့်ညီမ တက္ကသိုလ်တက်မယ်။
That shop is cheap but the food does not taste good,အဲဒီဆိုင်က ဈေးပေါပေမဲ့ စားလို့ မကောင်းဘူး။
We will be starting class now,ဒါဖြင့်၊ အတန်းစမယ်။
This tea is hot,ဒီလက်ဖက်ရည်က ပူတယ်။
Mr Matsuis birthday is in August,မစ္စတာမဆုအိရဲ့ မွေးနေ့က ရှစ်လပိုင်းမှာပါ။
There are a lot of people lined up behind me,ကျွန်တော့်နောက်မှာ လူတွေ အများကြီး တန်းစီနေတယ်။
There are desks and chairs in the classroom,စာသင်ခန်းမှာ စာရေးခုံနဲ့ ထိုင်ခုံ ရှိတယ်။
Yes that is true,ဟုတ်တယ်။
The party yesterday was fun but it was tiring,မနေ့တုန်းကပါတီက ပျော်ဖို့ကောင်းပါတယ်။ ဒါပေမဲ့ နည်းနည်းတော့ ပင်ပန်းသွားတယ်။
Mr Tanaka is always full of energy but today he is quiet,မစ္စတာယာမာဒါက အမြဲတမ်း တက်ကြွနေပြီး၊ ဒီနေ့တော့ ငြိမ်နေတယ်။
It feels like someone is living in this house,ဒီအိမ်မှာ တစ်ယောက်ယောက် နေနေသလိုပဲ။
Whats the date today,ဒီနေ့ ဘာလ ဘာရက်လဲ။
In Japan the wind is strong in spring,ဂျပန်ရဲ့ နွေဦးလေက ကြမ်းတယ်။
I was studying until late yesterday evening,မနေ့ညက အတော် မိုးချုပ်တဲ့အထိ စာဖတ်တယ်။
Where is Mr Tanaka,မစ္စတာတာနာခါ ဘယ်မှာ ရှိသလဲ။
Hello this is Kimura,ဟလို၊ ခိမုရပါ ခင်ဗျာ။
I have Thai friends,ကျွန်တော့်မှာ ထိုင်းလူမျိုးသူငယ်ချင်း ရှိတယ်။
I will go to Tokyo to hang out next week,နောက်အပတ် ကျွန်တော် သူငယ်ချင်းနဲ့ တိုကျို သွားလည်မယ်။
Next week is my sisters wedding,နောက်အပတ် အစ်မ မင်္ဂလာဆောင်မယ်။
I have four tests this week,ဒီအပတ် စာမေးပွဲ လေးခုတောင် ရှိတယ်။
Please do not forget the homework,အိမ်စာလုပ်ဖို့ မမေ့ပါစေနဲ့။
The two of us Ms Kimura and I will go to the pool tomorrow,မနက်ဖန် မစ္စတာခိမုရနဲ့ နှစ်ယောက်တည်း ရေကူးကန် သွားမယ်။
Ms Kimura is standing over there,ဟိုမှာ မစ္စတာခိမုရ ရပ်နေတယ်။
I need to buy eight souvenirs,ကျွန်တော် ခရီးအပြန်လက်ဆောင် ရှစ်ခု ဝယ်ရမယ်။
It was raining this morning but it is sunny now,မနက်က မိုးရွာပေမဲ့ အခု နေသာနေတယ်။
This is my pen,ကျွန်တော့်ဘောပင်က ဒီဟာပါ။
I will show this book to Mr Tanaka,မစ္စတာတာနာခါကို စာအုပ် ပြမယ်။
I cut my hair three days ago,ရှေ့သုံးရက်က ဆံပင်ညှပ်ခဲ့တယ်။
Mr Yamadas father works hard,မစ္စတာယာမာဒါရဲ့ အဖေက အရမ်း အလုပ်လုပ်တယ်။
I will take off my sweater because it is hot,ပူလို့ ဆွယ်တာ ချွတ်မယ်။
It starts to get gradually hotter in July,ခုနစ်လပိုင်းကစပြီး တဖြည်းဖြည်း ပူတော့မယ်။
I took a lot of pictures during the trip,ခရီးသွားတုန်းက ဓာတ်ပုံတွေ အများကြီး ရိုက်ခဲ့တယ်။
I will cut this paper vertically,ဒီစက္ကူကို အလျားလိုက် ဖြတ်မယ်။
The bank is open from nine in the morning to three in the afternoon,ဘဏ်ဖွင့်ချိန်က မနက်ကိုးနာရီကနေ ညနေသုံးနာရီအထိပါ။
Yesterday Mr Matsui contacted me,မနေ့က မစ္စတာမဆုအိဆီက အဆက်အသွယ်ရတယ်။
Who will you meet tomorrow,မနက်ဖန် ဘယ်သူနဲ့ တွေ့ဖို့ ရှိလဲ။
The food at the cafeteria is cheap and it tastes good,စားသောက်ဆိုင်ကထမင်းက ဈေးပေါတယ်။ ပြီးတော့ စားလို့လည်း ကောင်းတယ်။
I went to the beach and climbed a mountain this summer vacation,ဒီနှစ်နွေရာသီပိတ်ရက်မှာ ပင်လယ်ကိုလည်း သွားဖြစ်တယ်၊ တောင်လည်း တက်ဖြစ်တယ်။
No I cant,ဟင့်အင်း၊ မတတ်ဘူး။
An international student from China will come next month,နောက်လမှာ တရုတ်ပြည်က ပညာတော်သင်ကျောင်းသား လာမယ်။
I climbed this mountain two years ago,ကျွန်တော် တမြန်နှစ်က ဒီတောင်ကို တက်ခဲ့တယ်။
When writing an answer you must read the question carefully,အဖြေ မရေးခင် မေးခွန်းကို သေချာ ဖတ်ရတယ်။
Zero is the same as nought,ဇီးရိုးက သုံညနဲ့ အတူတူပဲ။
Small animals are very cute,တိရစ္ဆာန်သေးသေးလေးတွေက အရမ်း ချစ်ဖို့ကောင်းတယ်။
The thing I want the most right now is a new computer,အခုချိန်မှာ အလိုချင်ဆုံးအရာကတော့ ကွန်ပျူတာအသစ်ပဲ။
I need to finish this work by evening,ညနေ မစောင်းခင်ထိ ဒီအလုပ်ကို ပြီးအောင် လုပ်ရမယ်။
I am thinking of travelling abroad next year,နောက်နှစ် ကျရင် နိုင်ငံခြားကို အလည်သွားမလားလို့ စိတ်ကူးထားတယ်။
I am worried because my sister still has a high fever,ဒီနေ့လည်း ညီမလေးက ကိုယ်တွေ ဆက်တိုက် ပူနေလို့ စိတ်ပူလိုက်တာ။
It is cold outside so I will wear a coat and go to work,အပြင်မှာ အေးလို့ ကုမ္ပဏီကို ကုတ်အင်္ကျီ ဝတ်သွားတယ်။
It was cold the day before yesterday so it snowed,တစ်နေ့က အေးလို့ နှင်းတွေ ကျတယ်။
I was worried because my mother did not contact me,အမေ့ဆီက အဆက်အသွယ် မလာလို့ စိတ်ပူခဲ့တယ်။
May I go outside,အပြင်ထွက်လို့ ရမလား။
When did you start studying Japanese,ဘယ်တုန်းကတည်းက ဂျပန်စာကို လေ့လာနေတာလဲ။
No it doesnt hurt,ဟင့်အင်း၊ မကိုက်ဘူး။
After drinking alcohol it is good to drink water,အရက်သောက်ပြီးတဲ့အခါ ရေသောက်ပေးရင် ကောင်းတယ်။
I was absent from school because I was sick,ဒီနေ့ အအေးမိလို့ ကျောင်းမသွားဘူး။
That book is mine,ဟိုမှာ ဆရာ ရှိတယ်။
Then lets go to the hospital by bus,ဒါဆိုရင်၊ ဘတ်စကားနဲ့ပဲ ဆေးရုံ သွားမယ်။
A letter came from my mother back in my home country,မွေးရပ်မြေမှာရှိတဲ့အမေ့ဆီက စာလာတယ်။
When is that newspaper from,အဲဒါ ဘယ်တုန်းက သတင်းစာလဲ။
I saw Mr Kobayashi studying at the library,စာကြည့်တိုက်ထဲမှာ မစ္စတာတာနာခါ စာဖတ်နေတာ တွေ့လိုက်တယ်။
I dont like milk so I dont drink it that much,ကျွန်တော် နွားနို့ မကြိုက်လို့ သိပ် မသောက်ဘူး။
We use a knife and fork when we eat French food,ပြင်သစ်ဟင်းလျာက ဓားနဲ့ ခက်ရင်းကို သုံးပြီး စားတယ်။
It was hot so I went home and took a shower,ပူလို့ အိမ်ပြန်ပြီး ရေချိုးတယ်။
This film was not really good,ဒီရုပ်ရှင်က သိပ်မကောင်းဘူး။
Class is fun for me,ကျွန်တော် အတန်းတက်ရတာ ပျော်တယ်။
I must write an essay in English by the fourth,လေးရက်နေ့အပြီး အင်္ဂလိပ်လိုစာစီစာကုံး မရေးလို့မဖြစ်ဘူး။
I go to a karaoke place once a week,ကျွန်တော် တစ်ပတ် တစ်ခါ ကာရာအိုကေ သွားတယ်။
I am busy with work so I dont have time to go out,အလုပ်များလို့ လျှောက်လည်ဖို့ အချိန်မရဘူး။
I will eat thick meat,အသားတုံး ထူထူကို စားတယ်။
That is Mr Yamada,ဟိုဘက်က မစ္စတာယာမာဒါပါ။
I am not good at drawing pictures,ကျွန်တော် ပန်းချီဆွဲတာ ညံ့တယ်။
There are a dog and a cat in my house,အိမ်မှာ ခွေးနဲ့ ကြောင် ရှိတယ်။
Ill eat dinner at a friends house this evening,ဒီည သူငယ်ချင်းရဲ့ အိမ်မှာ ထမင်းစားမယ်။
I bought new clothes at a department store,ကုန်တိုက်မှာ အဝတ်အစားအသစ်ကို ဝယ်တယ်။
Your eyes will go bad if you read books in the dark,အမှောင်ထဲမှာ စာဖတ်ရင် မျက်စိပျက်တတ်တယ်။
Mr Tanaka is married and has children,မစ္စတာတာနာခါက လက်ထပ်ပြီးသား သားကလေး ရှိတယ်။
Mr Tanakas wife is a university lecturer,မစ္စတာတာနာခါရဲ့ အမျိုးသမီးက တက္ကသိုလ်ကဆရာမပါ။
It didnt snow very much last year,မနှစ်က နှင်း သိပ် မကျဘူး။
There arent many fish in that supermarket,အဲဒီစူပါမားကက်မှာ ငါး နည်းနည်းပဲ ရှိတယ်။
A new restaurant was built near the station,ဘူတာနားမှာ စားသောက်ဆိုင်သစ်တစ်ဆိုင် လာဖွင့်ထားတယ်။
What kind of person would you like to marry,ဘယ်လိုလူမျိုးနဲ့ လက်ထပ်ချင်သလဲ။
I will make a table by myself,စားပွဲခုံကို ကိုယ်တိုင် လုပ်တယ်။
My parents are overseas,အခု ကျွန်တော့်မိဘတွေ နိုင်ငံခြားမှာ နေတယ်။
I will check the answers for the test,စာမေးပွဲအဖြေကို ပြန်စစ်တယ်။
I must do this work by the tenth,ဆယ်ရက်နေ့ မကျော်ခင်အထိ ဒီအလုပ်ကို မလုပ်လို့မဖြစ်ဘူး။
Mr Tanaka is not a student,မစ္စတာတာနာခါဟာ ကျောင်းသား မဟုတ်ပါဘူး။
It is past  now,အခု ဆယ့်နှစ်နာရီ ကျော်ပြီ။
That person has really long legs,အဲဒီလူရဲ့ ခြေထောက်က အရှည်ကြီးပဲ။
Mr Tanakas car is big and white,မစ္စတာတာနာခါရဲ့ ကားက အဖြူရောင်ခပ်ကြီးကြီးကားပါ။
The notebook is inside the bag,ဗလာစာအုပ်က လွယ်အိတ်ထဲမှာ ရှိတယ်။
The water in the pool is cold,ရေကူးကန်ကရေက အေးတယ်။
It is hard for me to talk in English,အင်္ဂလိပ်လို ပြောရတာ ခက်တယ်။
I will go back home in two years,နောက်နှစ်ရဲ့ နောက်တစ်နှစ်ကျရင် နိုင်ငံကို ခဏပြန်မယ်။
It is summer vacation from the first of August,ရှစ်လပိုင်း တစ်ရက်နေ့ကစပြီး နွေရာသီ ပိတ်ပြီ။
Im very sorry,အားနာစရာကောင်းလိုက်တာ။
I sent a package at the post office on the sixth,ခြောက်ရက်နေ့က စာတိုက်နဲ့ကနေ အထုပ် ပို့လိုက်တယ်။
I will leave the house at nine,ကိုးနာရီမှာ အိမ်က ထွက်မယ်။
When we go abroad we bring our passports,နိုင်ငံခြားသွားတဲ့အခါ ပတ်စပို့ကို ယူသွားတယ်။
If they are cheap I will buy them,ဈေးသက်သာရင် ဝယ်မယ်။
Before I go to sleep I brush my teeth,အမြဲတမ်း မအိပ်ခင် သွားတိုက်တယ်။
I walked a lot today,ဒီနေ့ လမ်း အများကြီး လျှောက်ခဲ့တယ်။
I read a book,ကျွန်တော် စာအုပ် ဖတ်ခဲ့တယ်။
I cut the cake into four pieces using a knife,ကိတ်မုန့်ကို ဓားနဲ့ လေးပိုင်း ပိုင်းတယ်။
Mr Tanaka drinks CocaCola,မစ္စတာတာနာခါ ကိုကာကိုလာ သောက်တယ်။
We will buy a ticket when we ride the train,ရထားစီးတဲ့အခါ လက်မှတ် ဝယ်တယ်။
I always eat this set meal for lunch,နေ့လယ်စာ အမြဲတမ်း ဒီဆက်မီနူးကို စားတယ်။
When I smoke I use an ashtray,ဆေးလိပ်သောက်တဲ့အခါ ဆေးလိပ်ပြာခွက်ကို သုံးတယ်။
Last year was a good year,မနှစ်က ကောင်းတဲ့နှစ်တစ်နှစ် ဖြစ်တယ်။
I must do this work in a short time,အချိန်တိုတိုအတွင်း ဒီအလုပ်ကို မလုပ်လို့မရဘူး။
I eat three times every day,နေ့တိုင်း ထမင်း သုံးခါ စားတယ်။
After you put in some sugar then you put in a little bit of soy sauce,သကြား ထည့်ပြီးရင် နောက်တစ်ဆင့်အနေနဲ့ ပဲငံပြာရည် နည်းနည်း ထည့်မယ်။
Yesterday I received a souvenir from Mr Yamada,မနေ့က မစ္စတာယာမာဒါဆီက ခရီးအပြန်လက်ဆောင် ရခဲ့တယ်။
The train was delayed by the typhoon,မုန်တိုင်းကြောင့် ရထားနောက်ကျတယ်။
I will show the ticket at the entrance to the station,ဘူတာရဲ့ ဝင်ပေါက်မှာ လက်မှတ်ကို ပြတယ်။
My little sister wants to become a Japanese teacher,ညီမလေးက ဂျပန်စာဆရာမ လုပ်ဖို့ စိတ်ကူးနေတယ်။
This flower is red and pretty,ဒီပန်းက နီပြီး လှနေတာပဲ။
This is an old Japanese film,ဒါ ဂျပန်ရှေးဟောင်းရုပ်ရှင် ဖြစ်ပါတယ်။
A boy is climbing a tree over there,ဟိုမှာ ကောင်လေးတစ်ယောက် သစ်ပင်ပေါ် တက်နေတယ်။
The dog next door is not very big,ဘေးအိမ်က ခွေးက အကောင်မကြီးဘူး။
I leave home at seven,ခုနစ်နာရီမှာ အိမ်က ထွက်မယ်။
Mr Kobayashi gave half of the bread to Ms Kimura,မစ္စတာခိုဘာယာရှိက မစ္စတာခိမုရကို ပေါင်မုန့် တစ်ခြမ်း ပေးလိုက်တယ်။
My class went on a trip together,အတန်းကလူတွေနဲ့ ခရီးသွားခဲ့တယ်။
It is raining so I will put up an umbrella and go to school,မိုးရွာနေလို့ ကျောင်းကို ထီးဆောင်းသွားတယ်။
There are a lot of bookshelves lined up in the library,စာကြည့်တိုက်မှာ စာအုပ်စင်တွေ အများကြီး တန်းစီနေတယ်။
This watch must be expensive,ဒီနာရီ ကျိန်းသေ ဈေးကြီးမှာ သေချာတယ်။
When we fill out the bank transfer form we use a ballpoint pen,ငွေလွှဲချလန် ဖြည့်တဲ့အခါ ဘောပင်ကို သုံးတယ်။
That big bag is mine,အဲဒီအိတ်ကြီးက ကျွန်တော့်ဟာပါ။
I copied the book at the library,စာကြည့်တိုက်မှာ စာအုပ်ကို ကော်ပီကူးခဲ့တယ်။
I study English for two hours every night,ညတိုင်း နှစ်နာရီကြာလောက် အင်္ဂလိပ်စာကို လေ့လာတယ်။
I sometimes shop at this vegetable shop,ကျွန်တော် တစ်ခါတလေ ဒီကုန်စိမ်းဆိုင်မှာ ဈေးဝယ်တယ်။
I would like to become a hairdresser after I graduate,ကျောင်းပြီးရင် အလှပြင်ဆရာ လုပ်မယ်။
This is a car magazine,ဒါ မော်တော်ကားမဂ္ဂဇင်းပါ။
The toilet is on the second floor,သန့်စင်ခန်းက နှစ်ထပ်မှာ ရှိတယ်။
I rest for an hour during lunchtime every day,နေ့တိုင်း နေ့လယ်ပိုင်းဆို တစ်နာရီ နားတယ်။
Who is the new teacher,ဆရာအသစ်က ဘယ်သူပါလဲ။
There is no wind today,ဒီနေ့ လေမတိုက်ဘူး။
Please take one piece of paper at a time,စာရွက်ကို တစ်ရွက်စီ ယူပါ။
I think that person is a Japanese teacher,အဲဒီလူက ဂျပန်စာဆရာ ဖြစ်မယ် ထင်တယ်။
There is no soap in the bathroom,ရေချိုးခန်းမှာ ဆပ်ပြာ မရှိဘူး။
You cannot go into this room,ဒီအခန်းထဲကို ဝင်လို့မဖြစ်ဘူး။
I will go to the embassy tomorrow,ကျွန်တော် မနက်ဖန် သံရုံးကို သွားမယ်။
You should stop reading books where it is dark,အမှောင်ထဲမှာ စာကြည့်တာမျိုး ရှောင်သင့်တယ်။
I have bumped into Mr Kobayashi many times today,ဒီနေ့ မစ္စတာခိုဘာယာရှိနဲ့ ခဏခဏ တွေ့တယ်။
Japan is a small country,ဂျပန်က ကျဉ်းတဲ့နိုင်ငံ ဖြစ်တယ်။
I will transfer the money by the seventh,ခုနစ်ရက်နေ့အရောက် ပိုက်ဆံလွှဲလိုက်မယ်။
My sisters wedding party was held last week,ရှေ့အပတ်က အစ်မရဲ့ မင်္ဂလာပွဲ ရှိလို့။
I will do that work by myself,အဲဒီအလုပ်ကိုတော့ ကိုယ့်ဟာကိုယ် လုပ်မယ်။
I bought a calendar for next year at the department store,ကုန်တိုက်ကနေ နောက်နှစ်အတွက်ပြက္ခဒိန်ကို ဝယ်တယ်။
Today we had class from morning until evening,ဒီနေ့ မနက်ကနေ ညနေအထိ အတန်း ရှိတယ်။
What kind of film is it,ဘယ်လိုရုပ်ရှင်မျိုးလဲ။
This bag was expensive,ဒီအိတ်ကို ဈေးကြီးကြီး ပေးခဲ့ရတယ်။
I wear a hat when it is hot,ပူတဲ့နေ့ဆို ဦးထုပ်ဆောင်းပြီး အပြင်ထွက်တယ်။
I like red more than blue,ကျွန်တော် အနီထက် အပြာကို ပိုကြိုက်တယ်။
It is going to get hot tomorrow so I was thinking about swimming in the pool,မနက်ဖန် ရာသီဥတုပူမှာမို့လို့ ရေကူးကန်မှာ ရေသွားကူးမယ်လို့ စိတ်ကူးထားတယ်။
I cannot play sport because my body is weak,ကိုယ်ခံအား မကောင်းလို့ အားကစားလုပ်လို့မရဘူး။
Lets go get lunch later,နောက်မှ နေ့လယ်စာ အတူတူ စားကြတာပေါ့။
Those people are my friends,သူတို့တွေက သူငယ်ချင်းတွေပါ။
I must go to the embassy tomorrow,မနက်ဖန် သံရုံး မသွားလို့မဖြစ်ဘူး။
This is the second floor,ဒီနေရာက ဒုတိယထပ်ပါ။
Mr Matsui gave a tie to Mr Tanaka for his birthday,မစ္စတာမဆုအိက မစ္စတာတာနာခါရဲ့ မွေးနေ့အတွက် နက်ကတိုင် လက်ဆောင်ပေးတယ်။
I teach Japanese to foreigners,ကျွန်တော် နိုင်ငံခြားသားတွေကို ဂျပန်စာ သင်ပေးနေတယ်။
We write our answers on this paper,ဒီစာရွက်မှာ မေးခွန်းရဲ့ အဖြေကို ရေးမယ်။
I studied yesterday,မနေ့တုန်းက ကျွန်တော် စာဖတ်တယ်။
This book has  pages,ဒီစာအုပ်က စာမျက်နှာ တစ်ရာ့နှစ်ဆယ် ရှိတယ်။
Every year I go on a family trip,နှစ်တိုင်း မိသားစုနဲ့ ခရီးထွက်တယ်။
I want this and that,ဒါရယ် အဲဒါရယ် လိုချင်ပါတယ်။
The question is written on page,မေးခွန်းက စာမျက်နှာဆယ်ငါးမှာ ရေးထားတယ်။
What is your favourite food,ဘာအစားအစာ ကြိုက်သလဲ။
I read the composition Mr Matsui wrote,ကျွန်တော် မစ္စတာမဆုအိ ရေးတဲ့ စာစီစာကုံးကို ဖတ်တယ်။
Today I will go watch a film with Mr Lee,ဒီနေ့ မစ္စတာလီနဲ့ ရုပ်ရှင် သွားကြည့်မယ်။
That young energetic person is Mr Yamada,ဟို ငယ်ရွယ်ပြီး သွက်လက်တဲ့ လူက မစ္စတာယာမာဒါပါ။
I took that picture last month,အဲဒီဓာတ်ပုံက ရှေ့လက တိုကျိုမှာ ရိုက်ထားတာ။
It is cold because the wind is blowing,လေတိုက်နေလို့ ချမ်းတယ်။
I will meet a foreigner friend tomorrow,မနက်ဖန် နိုင်ငံခြားသားမိတ်ဆွေနဲ့ တွေ့မယ်။
This dish can be made at home,ဒီဟင်းက အိမ်မှာ ချက်လို့ရတယ်။
I want to live in a high place,ကျွန်တော် မြင့်တဲ့နေရာမှာ နေချင်တယ်။
That teacher is very admirable,အဲဒီဆရာက အရမ်း ထူးချွန်တဲ့ပုဂ္ဂိုလ်ပါ။
I want a computer now,ကျွန်တော် အခု ကွန်ပျူတာ လိုချင်တယ်။
We cross that intersection and go left,အဲဒီလမ်းဆုံကို ဖြတ်ပြီး ဘယ်ဘက်ကို ကွေ့မယ်။
The underground train is cheap fast and very convenient,မြေအောက်လိုင်းက ဈေးပေါပြီး အရမ်း အဆင်ပြေတယ်။
It was raining yesterday so I was at my house the whole day,ဒီနေ့ မိုးရွာလို့ တစ်နေ့လုံး အိမ်မှာ ရှိတယ်။
I have a cold and my temperature is  degrees,အအေးမိပြီး ကိုယ်အပူချိန် သုံးဆယ့်ရှစ်ဒီဂရီ ရှိတယ်။
It is not cold today,ဒီနေ့ မအေးဘူး။
I saw Mr Tanaka running,မစ္စတာတာနာခါ ပြေးနေတာကို မြင်လိုက်တယ်။
Can I give it back to you after lunch break,နေ့ခင်း နားတဲ့အချိန်မှ ပြန်ပေးလို့ရမလား။
This is the tape I bought yesterday,ဒါ မနေ့က ဝယ်ခဲ့တဲ့ တိတ်ခွေပါ။
I am thinking of cleaning when I get home,အိမ်ပြန်ရောက်ရင် သန့်ရှင်းရေးလုပ်မယ်လို့ စိတ်ကူးတယ်။
I must do the laundry tomorrow morning,နက်ဖန်မနက်ကျရင် အဝတ်မလျှော်လို့မဖြစ်ဘူး။
The bird is drinking water,ငှက် ရေသောက်နေတယ်။
I will meet Mr Lee tomorrow and I will give him a souvenir,မနက်ဖန် မစ္စတာလီနဲ့ တွေ့ပြီး လက်ဆောင်ပေးမယ်။
The meat at this store is cheap today,ဒီနေ့ ဒီဆိုင်မှာ အသား ဈေးပေါတယ်။
I write with a pen,ဘောပင်နဲ့ စာရေးတယ်။
This notebook is different from my notebook,ဒီမှတ်စုစာအုပ်က ကျွန်တော့်မှတ်စုစာအုပ်နဲ့ မတူဘူး။
I will get on the airplane,လေယာဉ်ပျံ စီးမယ်။
What is Mr Tanaka doing,မစ္စတာတာနာခါ အခု ဘာလုပ်နေလဲ။
I bought a sweater skirt and so on at the department store yesterday,မနေ့က ကုန်တိုက်မှာ ဆွယ်တာတွေ စကတ်တွေ ဝယ်ခဲ့တယ်။
Where is the Japanese classroom,ဂျပန်စာစာသင်ခန်းက ဘယ်မှာလဲ။
We read  as four,ဂျပန်လို လေးကို ယွန်းလို့ ဖတ်တယ်။
It is bad for you to smoke,ဆေးလိပ်သောက်ရင် ကျန်းမာရေး ထိခိုက်တယ်။
This road is narrow and dangerous,ဒီလမ်းက အရမ်း ကျဉ်းပြီး အန္တရာယ်များတယ်။
I eat vegetables and fruit every morning,ကျွန်တော် မနက်တိုင်း ဟင်းသီးဟင်းရွက်နဲ့ သစ်သီး စားတယ်။
I got the salt for Mr Lee,မစ္စတာလီကို ဆား ယူပေးတယ်။
Beef is the most expensive of all kinds of meat,အမဲသားက အသားတွေထဲမှာ ဈေးအကြီးဆုံးပဲ။
I would like to become a respectable adult,ထူးချွန်တဲ့လူ ဖြစ်ချင်တယ်။
I know Mr Yamadas telephone number,ကျွန်တော် မစ္စတာယာမာဒါရဲ့ ဖုန်းနံပါတ်ကို သိတယ်။
I always shop at this supermarket,ကျွန်တော် အမြဲတမ်း ဒီစူပါမားကက်မှာ ဈေးဝယ်တယ်။
My mother taught me how to cook,ဟင်းချက်နည်းကို အမေ့ဆီက သင်ထားတာ။
My mother was born on the th of November,အမေ့ကို ဆယ့်တစ်လပိုင်း နှစ်ဆယ့်ကိုးရက်နေ့မှာ မွေးခဲ့တယ်။
I smoke,ကျွန်တော် ဆေးလိပ်သောက်တယ်။
I wasnt at home all day yesterday,မနေ့က တစ်နေ့ကုန် အိမ်မှာ မရှိဘူး။
The school is near the house,ကျောင်းက အိမ်နားမှာပါ။
Mr Hayashi lives in a town where there are a lot of people,မစ္စတာဟယရှိက လူနေထူထပ်တဲ့ မြို့မှာ နေတယ်။
This dictionary is not very good,ဒီအဘိဓာန်က သိပ် မကောင်းဘူး။
The door to my room wouldnt close,ကျွန်တော့်အခန်းတံခါးက ပိတ်လို့မရဘူး။
My fever was too high so I couldnt go to school,ကိုယ် အရမ်း ပူလို့ ကျောင်းမသွားနိုင်ဘူး။
That beautiful woman is Ms Kimura,ဟိုအမျိုးသမီးချောလေးက မစ္စခိမုရပါ။
I wake up at,ကျွန်တော် ခုနစ်နာရီခွဲမှာ အိပ်ရာထတယ်။
My little sister has big eyes and is highnosed,ညီမလေးက မျက်လုံး ပြူးပြီး နှာခေါင်း ချွန်တယ်။
I borrowed three books at the library,စာကြည့်တိုက်ကနေ စာအုပ် သုံးအုပ် ငှားခဲ့တယ်။
This curry is very spicy,ဒီကာရီဟင်းက အရမ်း စပ်တယ်။
I heard from the teacher that there will be a new student coming next month,ဆရာ့ဆီက ကြားတာ၊ နောက်လကစပြီး ကျောင်းသားသစ် လာမယ်ဆိုပဲ။
